NAME_CONTRACT_TYPE,CODE_GENDER,FLAG_OWN_CAR,FLAG_OWN_REALTY,CNT_CHILDREN,AMT_INCOME_TOTAL,AMT_CREDIT,AMT_ANNUITY,AMT_GOODS_PRICE,NAME_TYPE_SUITE,NAME_INCOME_TYPE,NAME_EDUCATION_TYPE,NAME_FAMILY_STATUS,NAME_HOUSING_TYPE,REGION_POPULATION_RELATIVE,DAYS_BIRTH,DAYS_EMPLOYED,DAYS_REGISTRATION,DAYS_ID_PUBLISH,OWN_CAR_AGE,FLAG_MOBIL,FLAG_EMP_PHONE,FLAG_WORK_PHONE,FLAG_CONT_MOBILE,FLAG_PHONE,FLAG_EMAIL,OCCUPATION_TYPE,CNT_FAM_MEMBERS,REGION_RATING_CLIENT,REGION_RATING_CLIENT_W_CITY,WEEKDAY_APPR_PROCESS_START,HOUR_APPR_PROCESS_START,REG_REGION_NOT_LIVE_REGION,REG_REGION_NOT_WORK_REGION,LIVE_REGION_NOT_WORK_REGION,REG_CITY_NOT_LIVE_CITY,REG_CITY_NOT_WORK_CITY,LIVE_CITY_NOT_WORK_CITY,ORGANIZATION_TYPE,EXT_SOURCE_1,EXT_SOURCE_2,EXT_SOURCE_3,APARTMENTS_AVG,BASEMENTAREA_AVG,YEARS_BEGINEXPLUATATION_AVG,YEARS_BUILD_AVG,COMMONAREA_AVG,ELEVATORS_AVG,ENTRANCES_AVG,FLOORSMAX_AVG,FLOORSMIN_AVG,LANDAREA_AVG,LIVINGAPARTMENTS_AVG,LIVINGAREA_AVG,NONLIVINGAPARTMENTS_AVG,NONLIVINGAREA_AVG,APARTMENTS_MODE,BASEMENTAREA_MODE,YEARS_BEGINEXPLUATATION_MODE,YEARS_BUILD_MODE,COMMONAREA_MODE,ELEVATORS_MODE,ENTRANCES_MODE,FLOORSMAX_MODE,FLOORSMIN_MODE,LANDAREA_MODE,LIVINGAPARTMENTS_MODE,LIVINGAREA_MODE,NONLIVINGAPARTMENTS_MODE,NONLIVINGAREA_MODE,APARTMENTS_MEDI,BASEMENTAREA_MEDI,YEARS_BEGINEXPLUATATION_MEDI,YEARS_BUILD_MEDI,COMMONAREA_MEDI,ELEVATORS_MEDI,ENTRANCES_MEDI,FLOORSMAX_MEDI,FLOORSMIN_MEDI,LANDAREA_MEDI,LIVINGAPARTMENTS_MEDI,LIVINGAREA_MEDI,NONLIVINGAPARTMENTS_MEDI,NONLIVINGAREA_MEDI,FONDKAPREMONT_MODE,HOUSETYPE_MODE,TOTALAREA_MODE,WALLSMATERIAL_MODE,EMERGENCYSTATE_MODE,OBS_30_CNT_SOCIAL_CIRCLE,DEF_30_CNT_SOCIAL_CIRCLE,OBS_60_CNT_SOCIAL_CIRCLE,DEF_60_CNT_SOCIAL_CIRCLE,DAYS_LAST_PHONE_CHANGE,FLAG_DOCUMENT_2,FLAG_DOCUMENT_3,FLAG_DOCUMENT_4,FLAG_DOCUMENT_5,FLAG_DOCUMENT_6,FLAG_DOCUMENT_7,FLAG_DOCUMENT_8,FLAG_DOCUMENT_9,FLAG_DOCUMENT_10,FLAG_DOCUMENT_11,FLAG_DOCUMENT_12,FLAG_DOCUMENT_13,FLAG_DOCUMENT_14,FLAG_DOCUMENT_15,FLAG_DOCUMENT_16,FLAG_DOCUMENT_17,FLAG_DOCUMENT_18,FLAG_DOCUMENT_19,FLAG_DOCUMENT_20,FLAG_DOCUMENT_21,AMT_REQ_CREDIT_BUREAU_HOUR,AMT_REQ_CREDIT_BUREAU_DAY,AMT_REQ_CREDIT_BUREAU_WEEK,AMT_REQ_CREDIT_BUREAU_MON,AMT_REQ_CREDIT_BUREAU_QRT,AMT_REQ_CREDIT_BUREAU_YEAR,BUREAU_LOAN_COUNT,BUREAU_TOTAL_CREDIT,BUREAU_TOTAL_DEBT,BUREAU_TOTAL_OVERDUE,BUREAU_MAX_OVERDUE_DAYS,BUREAU_AVG_DAYS_CREDIT,BUREAU_AVG_ANNUITY,BUREAU_ACTIVE_LOAN_COUNT,BUREAU_CLOSED_LOAN_COUNT,BUREAU_DEBT_CREDIT_RATIO,BUREAU_OVERDUE_CREDIT_RATIO,BUREAU_ACTIVE_RATIO,PREV_APP_COUNT,PREV_AVG_APPLICATION,PREV_AVG_CREDIT,PREV_AVG_ANNUITY,PREV_AVG_DOWN_PAYMENT,PREV_AVG_DOWN_PAYMENT_RATE,PREV_AVG_CNT_PAYMENT,PREV_AVG_DAYS_DECISION,PREV_APPROVED_COUNT,PREV_REFUSED_COUNT,PREV_APPROVAL_RATIO,INSTAL_COUNT,INST_AVG_DELAY,INST_MAX_DELAY,INST_LATE_RATIO,INST_AVG_UNDERPAY,INST_TOTAL_UNDERPAY,INST_UNDERPAID_RATIO,INST_TOTAL_INSTAL_AMT,INST_TOTAL_PAID_AMT,INST_PAYMENT_RATIO,TARGET
"Cash loans,M,N,Y,0,202500.0,406597.5,24700.5,351000.0,Unaccompanied,Working,Secondary / secondary special,Single / not married,House / apartment,0.018801,-9461,-637,-3648.0,-2120,0.0,1,1,0,1,1,0,Laborers,1.0,2,2,WEDNESDAY,10,0,0,0,0,0,0,Business Entity Type 3,0.0830369673913225,0.2629485927471776,0.1393757800997895,0.0247,0.0369,0.9722,0.6192,0.0143,0.0,0.069,0.0833,0.125,0.0369,0.0202,0.019,0.0,0.0,0.0252,0.0383,0.9722,0.6341,0.0144,0.0,0.069,0.0833,0.125,0.0377,0.022,0.0198,0.0,0.0,0.025,0.0369,0.9722,0.6243,0.0144,0.0,0.069,0.0833,0.125,0.0375,0.0205,0.0193,0.0,0.0,reg oper account,block of flats,0.0149,""Stone, brick"",No,2.0,2.0,2.0,2.0,-1134.0,0,1,0,0,0,0,0,0,0,0,0,0,0,0,0,0,0,0,0,0,0.0,0.0,0.0,0.0,0.0,1.0,8.0,865055.565,245781.0,0.0,0.0,-874.0,0.0,2.0,6.0,0.2841216332733493,0.0,0.25,1.0,179055.0,179055.0,9251.775,0.0,0.0,24.0,-606.0,1.0,0.0,1.0,19.0,-20.42105263157895,-12.0,0.0,0.0,0.0,0.0,219625.695,219625.695,1.0,1"
Cash loans,F,N,N,0,270000.0,1293502.5,35698.5,1129500.0,Family,State servant,Higher education,Married,House / apartment,0.0035409999999999,-16765,-1188,-1186.0,-291,0.0,1,1,0,1,1,0,Core staff,2.0,1,1,MONDAY,11,0,0,0,0,0,0,School,0.3112673113812225,0.6222457752555098,0.0,0.0959,0.0529,0.9851,0.7959999999999999,0.0605,0.08,0.0345,0.2917,0.3333,0.013,0.0773,0.0549,0.0039,0.0098,0.0924,0.0538,0.9851,0.804,0.0497,0.0806,0.0345,0.2917,0.3333,0.0128,0.079,0.0554,0.0,0.0,0.0968,0.0529,0.9851,0.7987,0.0608,0.08,0.0345,0.2917,0.3333,0.0132,0.0787,0.0558,0.0039,0.01,reg oper account,block of flats,0.0714,Block,No,1.0,0.0,1.0,0.0,-828.0,0,1,0,0,0,0,0,0,0,0,0,0,0,0,0,0,0,0,0,0,0.0,0.0,0.0,0.0,0.0,0.0,4.0,1017400.5,0.0,0.0,0.0,-1400.75,0.0,1.0,3.0,0.0,0.0,0.25,3.0,435436.5,484191.0,56553.99,3442.5,0.05003029757128115,10.0,-1305.0,3.0,0.0,1.0,25.0,-7.16,-1.0,0.0,0.0,0.0,0.0,1618864.65,1618864.65,1.0,0
Revolving loans,M,Y,Y,0,67500.0,135000.0,6750.0,135000.0,Unaccompanied,Working,Secondary / secondary special,Single / not married,House / apartment,0.010032,-19046,-225,-4260.0,-2531,26.0,1,1,1,1,1,0,Laborers,1.0,2,2,MONDAY,9,0,0,0,0,0,0,Government,0.0,0.5559120833904428,0.7295666907060153,0.0,0.0,0.0,0.0,0.0,0.0,0.0,0.0,0.0,0.0,0.0,0.0,0.0,0.0,0.0,0.0,0.0,0.0,0.0,0.0,0.0,0.0,0.0,0.0,0.0,0.0,0.0,0.0,0.0,0.0,0.0,0.0,0.0,0.0,0.0,0.0,0.0,0.0,0.0,0.0,0.0,0.0,0,0,0.0,0,0,0.0,0.0,0.0,0.0,-815.0,0,0,0,0,0,0,0,0,0,0,0,0,0,0,0,0,0,0,0,0,0.0,0.0,0.0,0.0,0.0,0.0,2.0,189037.8,0.0,0.0,0.0,-867.0,0.0,0.0,2.0,0.0,0.0,0.0,1.0,24282.0,20106.0,5357.25,4860.0,0.2120076030674443,4.0,-815.0,1.0,0.0,1.0,3.0,-7.666666666666667,-3.0,0.0,0.0,0.0,0.0,21288.465,21288.465,1.0,0
Cash loans,F,N,Y,0,135000.0,312682.5,29686.5,297000.0,Unaccompanied,Working,Secondary / secondary special,Civil marriage,House / apartment,0.008019,-19005,-3039,-9833.0,-2437,0.0,1,1,0,1,0,0,Laborers,2.0,2,2,WEDNESDAY,17,0,0,0,0,0,0,Business Entity Type 3,0.0,0.6504416904014653,0.0,0.0,0.0,0.0,0.0,0.0,0.0,0.0,0.0,0.0,0.0,0.0,0.0,0.0,0.0,0.0,0.0,0.0,0.0,0.0,0.0,0.0,0.0,0.0,0.0,0.0,0.0,0.0,0.0,0.0,0.0,0.0,0.0,0.0,0.0,0.0,0.0,0.0,0.0,0.0,0.0,0.0,0.0,0,0,0.0,0,0,2.0,0.0,2.0,0.0,-617.0,0,1,0,0,0,0,0,0,0,0,0,0,0,0,0,0,0,0,0,0,0.0,0.0,0.0,0.0,0.0,0.0,0.0,0.0,0.0,0.0,0.0,0.0,0.0,0.0,0.0,0.0,0.0,0.0,9.0,272203.26,291695.5,23651.175,34840.17,0.1634121025409242,23.0,-272.44444444444446,5.0,1.0,0.5555555555555556,16.0,-19.375,-1.0,0.0,0.0,0.0,0.0,1007153.415,1007153.415,1.0,0
Cash loans,M,N,Y,0,121500.0,513000.0,21865.5,513000.0,Unaccompanied,Working,Secondary / secondary special,Single / not married,House / apartment,0.028663,-19932,-3038,-4311.0,-3458,0.0,1,1,0,1,0,0,Core staff,1.0,2,2,THURSDAY,11,0,0,0,0,1,1,Religion,0.0,0.3227382869704046,0.0,0.0,0.0,0.0,0.0,0.0,0.0,0.0,0.0,0.0,0.0,0.0,0.0,0.0,0.0,0.0,0.0,0.0,0.0,0.0,0.0,0.0,0.0,0.0,0.0,0.0,0.0,0.0,0.0,0.0,0.0,0.0,0.0,0.0,0.0,0.0,0.0,0.0,0.0,0.0,0.0,0.0,0.0,0,0,0.0,0,0,0.0,0.0,0.0,0.0,-1106.0,0,0,0,0,0,0,1,0,0,0,0,0,0,0,0,0,0,0,0,0,0.0,0.0,0.0,0.0,0.0,0.0,1.0,146250.0,0.0,0.0,0.0,-1149.0,0.0,0.0,1.0,0.0,0.0,0.0,6.0,150530.25,166638.75,12278.805,3390.75,0.15951640602517664,20.666666666666668,-1222.8333333333333,6.0,0.0,1.0,66.0,-3.6363636363636362,12.0,0.24242424242424243,452.38431818181823,29857.365,0.09090909090909091,835985.34,806127.975,0.9642848222673378,0
"Cash loans,M,N,Y,0,99000.0,490495.5,27517.5,454500.0,""Spouse, partner"",State servant,Secondary / secondary special,Married,House / apartment,0.035792,-16941,-1588,-4970.0,-477,0.0,1,1,1,1,1,0,Laborers,2.0,2,2,WEDNESDAY,16,0,0,0,0,0,0,Other,0.0,0.3542247319929012,0.6212263380626669,0.0,0.0,0.0,0.0,0.0,0.0,0.0,0.0,0.0,0.0,0.0,0.0,0.0,0.0,0.0,0.0,0.0,0.0,0.0,0.0,0.0,0.0,0.0,0.0,0.0,0.0,0.0,0.0,0.0,0.0,0.0,0.0,0.0,0.0,0.0,0.0,0.0,0.0,0.0,0.0,0.0,0.0,0,0,0.0,0,0,0.0,0.0,0.0,0.0,-2536.0,0,1,0,0,0,0,0,0,0,0,0,0,0,0,0,0,0,0,0,0,0.0,0.0,0.0,0.0,1.0,1.0,3.0,468445.5,240057.0,0.0,0.0,-757.3333333333334,0.0,1.0,2.0,0.5124544904369879,0.0,0.3333333333333333,5.0,155701.8,162767.7,15839.69625,5548.5,0.0730507075001457,14.0,-1192.0,4.0,0.0,0.8,35.0,26.114285714285714,1317.0,0.02857142857142857,342.46157142857146,11986.155,0.05714285714285714,969603.75,957617.595,0.9876380892710037,0"
Cash loans,F,Y,Y,1,171000.0,1560726.0,41301.0,1395000.0,Unaccompanied,Commercial associate,Higher education,Married,House / apartment,0.035792,-13778,-3130,-1213.0,-619,17.0,1,1,0,1,1,0,Accountants,3.0,2,2,SUNDAY,16,0,0,0,0,0,0,Business Entity Type 3,0.7747614130547695,0.7239998516953141,0.4920600938649263,0.0,0.0,0.0,0.0,0.0,0.0,0.0,0.0,0.0,0.0,0.0,0.0,0.0,0.0,0.0,0.0,0.0,0.0,0.0,0.0,0.0,0.0,0.0,0.0,0.0,0.0,0.0,0.0,0.0,0.0,0.0,0.0,0.0,0.0,0.0,0.0,0.0,0.0,0.0,0.0,0.0,0.0,0,0,0.0,0,0,1.0,0.0,1.0,0.0,-1562.0,0,0,0,0,0,0,1,0,0,0,0,0,1,0,0,0,0,0,0,0,0.0,0.0,0.0,1.0,1.0,2.0,18.0,4800811.5,1077349.5,0.0,0.0,-1271.5,0.0,4.0,14.0,0.22440987320581116,0.0,0.2222222222222222,7.0,76741.71428571429,70137.64285714286,10051.412142857142,9203.142857142857,0.1266023051333171,8.0,-719.2857142857143,7.0,0.0,1.0,51.0,-8.588235294117647,7.0,0.0196078431372549,0.0,0.0,0.0,487995.12,487995.12,1.0,0
Cash loans,M,Y,Y,0,360000.0,1530000.0,42075.0,1530000.0,Unaccompanied,State servant,Higher education,Married,House / apartment,0.0031219999999999,-18850,-449,-4597.0,-2379,8.0,1,1,1,1,0,0,Managers,2.0,3,3,MONDAY,16,0,0,0,0,1,1,Other,0.0,0.7142792864482229,0.5406544504453575,0.0,0.0,0.0,0.0,0.0,0.0,0.0,0.0,0.0,0.0,0.0,0.0,0.0,0.0,0.0,0.0,0.0,0.0,0.0,0.0,0.0,0.0,0.0,0.0,0.0,0.0,0.0,0.0,0.0,0.0,0.0,0.0,0.0,0.0,0.0,0.0,0.0,0.0,0.0,0.0,0.0,0.0,0,0,0.0,0,0,2.0,0.0,2.0,0.0,-1070.0,0,1,0,0,0,0,0,0,0,0,0,0,0,0,0,0,0,0,0,0,0.0,0.0,0.0,0.0,0.0,0.0,2.0,990000.0,348007.5,0.0,0.0,-1939.5,0.0,1.0,1.0,0.35152272727272726,0.0,0.5,1.0,247212.0,260811.0,27463.41,0.0,0.0,10.0,-1070.0,1.0,0.0,1.0,10.0,-11.9,-5.0,0.0,0.0,0.0,0.0,274492.08,274492.08,1.0,0
Cash loans,F,N,Y,0,112500.0,1019610.0,33826.5,913500.0,Children,Pensioner,Secondary / secondary special,Married,House / apartment,0.018634,-20099,365243,-7427.0,-3514,0.0,1,0,0,1,0,0,0,2.0,2,2,WEDNESDAY,14,0,0,0,0,0,0,XNA,0.5873340468730377,0.2057472880073281,0.7517237147741489,0.0,0.0,0.0,0.0,0.0,0.0,0.0,0.0,0.0,0.0,0.0,0.0,0.0,0.0,0.0,0.0,0.0,0.0,0.0,0.0,0.0,0.0,0.0,0.0,0.0,0.0,0.0,0.0,0.0,0.0,0.0,0.0,0.0,0.0,0.0,0.0,0.0,0.0,0.0,0.0,0.0,0.0,0,0,0.0,0,0,1.0,0.0,1.0,0.0,0.0,0,1,0,0,0,0,0,0,0,0,0,0,0,0,0,0,0,0,0,0,0.0,0.0,0.0,0.0,0.0,1.0,4.0,435228.3,0.0,0.0,0.0,-1773.0,0.0,0.0,4.0,0.0,0.0,0.0,4.0,202732.875,261840.375,18303.195,6797.25,0.05000522275463,14.0,-1784.5,3.0,1.0,0.75,130.0,3.1384615384615384,958.0,0.14615384615384616,2246.8219615384614,292086.855,0.17692307692307693,1764843.03,1472756.175,0.8344969778983686,0
Revolving loans,M,N,Y,0,135000.0,405000.0,20250.0,405000.0,Unaccompanied,Working,Secondary / secondary special,Single / not married,House / apartment,0.0196889999999999,-14469,-2019,-14437.0,-3992,0.0,1,1,0,1,0,0,Laborers,1.0,2,2,THURSDAY,8,0,0,0,0,0,0,Electricity,0.0,0.7466436294590924,0.0,0.0,0.0,0.0,0.0,0.0,0.0,0.0,0.0,0.0,0.0,0.0,0.0,0.0,0.0,0.0,0.0,0.0,0.0,0.0,0.0,0.0,0.0,0.0,0.0,0.0,0.0,0.0,0.0,0.0,0.0,0.0,0.0,0.0,0.0,0.0,0.0,0.0,0.0,0.0,0.0,0.0,0.0,0,0,0.0,0,0,2.0,0.0,2.0,0.0,-1673.0,0,0,0,0,0,0,0,0,0,0,0,0,0,0,0,0,0,0,0,0,0.0,0.0,0.0,0.0,0.0,0.0,0.0,0.0,0.0,0.0,0.0,0.0,0.0,0.0,0.0,0.0,0.0,0.0,4.0,60930.0,74119.5,7894.155,0.0,0.0,18.0,-779.75,3.0,0.0,0.75,48.0,-25.3125,14.0,0.10416666666666667,-866.7825000000001,-41605.560000000005,0.10416666666666667,460056.15,501661.71,1.0904358304959079,0
Cash loans,F,N,Y,1,112500.0,652500.0,21177.0,652500.0,Unaccompanied,Working,Higher education,Married,House / apartment,0.0228,-10197,-679,-4427.0,-738,0.0,1,1,0,1,0,0,Core staff,3.0,2,2,SATURDAY,15,0,0,0,0,0,0,Medicine,0.3197601716755032,0.6518623334244781,0.363945238612397,0.0,0.0,0.0,0.0,0.0,0.0,0.0,0.0,0.0,0.0,0.0,0.0,0.0,0.0,0.0,0.0,0.0,0.0,0.0,0.0,0.0,0.0,0.0,0.0,0.0,0.0,0.0,0.0,0.0,0.0,0.0,0.0,0.0,0.0,0.0,0.0,0.0,0.0,0.0,0.0,0.0,0.0,0,0,0.0,0,0,0.0,0.0,0.0,0.0,-844.0,0,1,0,0,0,0,0,0,0,0,0,0,0,0,0,0,0,0,0,0,0.0,0.0,0.0,1.0,0.0,0.0,8.0,2729932.425,758214.0,0.0,0.0,-1095.375,0.0,2.0,6.0,0.277740940785375,0.0,0.25,2.0,96536.25,102834.0,12806.55,0.0,0.0,9.0,-473.0,2.0,0.0,1.0,19.0,-8.210526315789474,5.0,0.42105263157894735,3043.0089473684216,57817.170000000006,0.5263157894736842,224697.915,166880.745,0.7426893347007693,0
Cash loans,F,N,Y,0,38419.155,148365.0,10678.5,135000.0,Children,Pensioner,Secondary / secondary special,Married,House / apartment,0.015221,-20417,365243,-5246.0,-2512,0.0,1,0,0,1,1,0,0,2.0,2,2,FRIDAY,7,0,0,0,0,0,0,XNA,0.7220444501416448,0.5551831615131809,0.6528965519806539,0.0,0.0,0.0,0.0,0.0,0.0,0.0,0.0,0.0,0.0,0.0,0.0,0.0,0.0,0.0,0.0,0.0,0.0,0.0,0.0,0.0,0.0,0.0,0.0,0.0,0.0,0.0,0.0,0.0,0.0,0.0,0.0,0.0,0.0,0.0,0.0,0.0,0.0,0.0,0.0,0.0,0.0,0,0,0.0,0,0,0.0,0.0,0.0,0.0,-2396.0,0,0,0,0,1,0,0,0,0,0,0,0,0,0,0,0,0,0,0,0,0.0,0.0,0.0,0.0,0.0,2.0,4.0,409495.5,0.0,0.0,0.0,-947.75,0.0,0.0,4.0,0.0,0.0,0.0,1.0,68850.0,67077.0,7666.92,6885.0,0.1013816677360118,10.0,-2396.0,1.0,0.0,1.0,10.0,-12.9,21.0,0.1,0.0,0.0,0.0,76586.805,76586.805,1.0,0
Cash loans,F,N,Y,0,67500.0,80865.0,5881.5,67500.0,Unaccompanied,Working,Secondary / secondary special,Married,House / apartment,0.031329,-13439,-2717,-311.0,-3227,0.0,1,1,1,1,1,0,Laborers,2.0,2,2,FRIDAY,10,0,0,0,0,0,0,Business Entity Type 2,0.4648311169632833,0.7150418188660659,0.1766525794312139,0.0825,0.0,0.9811,0.0,0.0,0.0,0.2069,0.1667,0.0,0.0135,0.0,0.0778,0.0,0.0,0.084,0.0,0.9811,0.0,0.0,0.0,0.2069,0.1667,0.0,0.0138,0.0,0.081,0.0,0.0,0.0833,0.0,0.9811,0.0,0.0,0.0,0.2069,0.1667,0.0,0.0137,0.0,0.0792,0.0,0.0,reg oper account,block of flats,0.0612,0,No,0.0,0.0,0.0,0.0,-2370.0,0,1,0,0,0,0,0,0,0,0,0,0,0,0,0,0,0,0,0,0,0.0,0.0,0.0,1.0,0.0,0.0,7.0,474984.0,63724.5,0.0,0.0,-618.4285714285714,0.0,4.0,3.0,0.13416136122479916,0.0,0.5714285714285714,4.0,120745.125,106221.375,8593.154999999999,15690.375,0.08168181818181817,17.0,-1779.5,4.0,0.0,1.0,74.0,-1.3783783783783783,26.0,0.20270270270270271,2348.1827027027025,173765.52,0.32432432432432434,794747.34,620981.82,0.7813575318163379,0
Cash loans,M,Y,N,1,225000.0,918468.0,28966.5,697500.0,Unaccompanied,Working,Secondary / secondary special,Married,House / apartment,0.016612,-14086,-3028,-643.0,-4911,23.0,1,1,0,1,0,0,Drivers,3.0,2,2,THURSDAY,13,0,0,0,0,0,0,Self-employed,0.0,0.5669066132460429,0.7700870700124128,0.1474,0.0973,0.9806,0.7348,0.0582,0.16,0.1379,0.3333,0.375,0.0931,0.1202,0.1397,0.0,0.0,0.1502,0.101,0.9806,0.7452,0.0587,0.1611,0.1379,0.3333,0.375,0.0952,0.1313,0.1456,0.0,0.0,0.1489,0.0973,0.9806,0.7383,0.0585,0.16,0.1379,0.3333,0.375,0.0947,0.1223,0.1422,0.0,0.0,reg oper account,block of flats,0.1417,Panel,No,0.0,0.0,0.0,0.0,-4.0,0,1,0,0,0,0,0,0,0,0,0,0,0,0,0,0,0,0,0,0,0.0,0.0,0.0,0.0,0.0,1.0,6.0,859770.0,0.0,0.0,0.0,-1944.3333333333333,0.0,0.0,6.0,0.0,0.0,0.0,2.0,176665.5,175565.25,14375.4075,19152.0,0.10652944600466036,17.0,-1526.5,2.0,0.0,1.0,30.0,-10.866666666666667,-3.0,0.0,0.0,0.0,0.0,405267.615,405267.615,1.0,0
Cash loans,F,N,Y,0,189000.0,773680.5,32778.0,679500.0,Unaccompanied,Working,Secondary / secondary special,Married,House / apartment,0.010006,-14583,-203,-615.0,-2056,0.0,1,1,0,1,0,0,Laborers,2.0,2,1,MONDAY,9,0,0,0,0,0,0,Transport: type 2,0.7219397686622343,0.6426562048311103,0.0,0.3495,0.1335,0.9985,0.9796,0.1143,0.4,0.1724,0.6667,0.7083,0.1758,0.2849,0.3774,0.0193,0.1001,0.3561,0.1386,0.9985,0.9804,0.1153,0.4028,0.1724,0.6667,0.7083,0.1798,0.3113,0.3932,0.0195,0.106,0.3529,0.1335,0.9985,0.9799,0.115,0.4,0.1724,0.6667,0.7083,0.1789,0.2899,0.3842,0.0194,0.1022,reg oper account,block of flats,0.3811,Panel,No,0.0,0.0,0.0,0.0,-188.0,0,1,0,0,0,0,0,0,0,0,0,0,0,0,0,0,0,0,0,0,0.0,0.0,0.0,0.0,0.0,0.0,0.0,0.0,0.0,0.0,0.0,0.0,0.0,0.0,0.0,0.0,0.0,0.0,4.0,298363.46625,285989.59125,38669.70375,14295.375,0.027229201292721925,10.0,-755.25,4.0,0.0,1.0,24.0,-6.875,0.0,0.0,0.0,0.0,0.0,1178751.42,1178751.42,1.0,0
Cash loans,M,Y,Y,0,157500.0,299772.0,20160.0,247500.0,Family,Working,Secondary / secondary special,Single / not married,Rented apartment,0.020713,-8728,-1157,-3494.0,-1368,17.0,1,1,0,1,0,0,Laborers,1.0,3,3,SATURDAY,6,0,0,0,1,1,0,Business Entity Type 2,0.1156343372622997,0.34663398139668,0.6785676886853644,0.0,0.0,0.0,0.0,0.0,0.0,0.0,0.0,0.0,0.0,0.0,0.0,0.0,0.0,0.0,0.0,0.0,0.0,0.0,0.0,0.0,0.0,0.0,0.0,0.0,0.0,0.0,0.0,0.0,0.0,0.0,0.0,0.0,0.0,0.0,0.0,0.0,0.0,0.0,0.0,0.0,0.0,0,0,0.0,0,0,0.0,0.0,0.0,0.0,-925.0,0,0,0,0,0,0,1,0,0,0,0,0,0,0,0,0,0,0,0,0,0.0,0.0,0.0,0.0,0.0,1.0,2.0,720000.0,245470.14,0.0,0.0,-495.0,27000.0,2.0,0.0,0.34093075,0.0,1.0,1.0,84136.5,104683.5,10518.615,0.0,0.0,12.0,-925.0,1.0,0.0,1.0,8.0,-30.5,-2.0,0.0,-5546.16,-44369.28,0.0,120723.75,165093.03,1.367527350666294,0
Cash loans,M,N,N,0,108000.0,509602.5,26149.5,387000.0,Unaccompanied,Working,Secondary / secondary special,Married,House / apartment,0.018634,-12931,-1317,-6392.0,-3866,0.0,1,1,0,1,0,0,Drivers,2.0,2,2,THURSDAY,12,0,0,0,1,1,0,Government,0.0,0.2363778398884225,0.0621030378372968,0.0,0.0,0.0,0.0,0.0,0.0,0.0,0.0,0.0,0.0,0.0,0.0,0.0,0.0,0.0,0.0,0.0,0.0,0.0,0.0,0.0,0.0,0.0,0.0,0.0,0.0,0.0,0.0,0.0,0.0,0.0,0.0,0.0,0.0,0.0,0.0,0.0,0.0,0.0,0.0,0.0,0.0,0,0,0.0,0,0,0.0,0.0,0.0,0.0,-3.0,0,1,0,0,0,0,0,0,0,0,0,0,0,0,0,0,0,0,0,0,0.0,0.0,0.0,0.0,1.0,0.0,4.0,199485.0,123088.5,0.0,0.0,-261.5,0.0,2.0,2.0,0.6170313557410332,0.0,0.5,2.0,39206.25,41706.0,7254.5175,0.0,0.0,7.0,-357.5,2.0,0.0,1.0,13.0,-8.615384615384615,0.0,0.0,0.0,0.0,0.0,92780.46,92780.46,1.0,0
Revolving loans,F,N,Y,1,81000.0,270000.0,13500.0,270000.0,Unaccompanied,Working,Secondary / secondary special,Married,House / apartment,0.010966,-9776,-191,-4143.0,-2427,0.0,1,1,0,1,0,0,Laborers,3.0,2,2,MONDAY,10,0,0,0,1,1,0,Construction,0.0,0.6835133461914255,0.0,0.0,0.0,0.0,0.0,0.0,0.0,0.0,0.0,0.0,0.0,0.0,0.0,0.0,0.0,0.0,0.0,0.0,0.0,0.0,0.0,0.0,0.0,0.0,0.0,0.0,0.0,0.0,0.0,0.0,0.0,0.0,0.0,0.0,0.0,0.0,0.0,0.0,0.0,0.0,0.0,0.0,0.0,0,0,0.0,0,0,4.0,0.0,4.0,0.0,-2811.0,0,0,0,0,0,0,0,0,0,0,0,0,0,0,0,0,0,0,0,0,0.0,0.0,0.0,0.0,0.0,0.0,0.0,0.0,0.0,0.0,0.0,0.0,0.0,0.0,0.0,0.0,0.0,0.0,6.0,40961.25,153615.75,10686.164999999999,3770.1,0.10660617766810361,7.0,-943.8333333333334,6.0,0.0,1.0,23.0,-12.304347826086957,15.0,0.17391304347826086,0.0,0.0,0.0,208357.515,208357.515,1.0,0
"Revolving loans,F,N,Y,0,112500.0,157500.0,7875.0,157500.0,Other_A,Working,Secondary / secondary special,Widow,House / apartment,0.04622,-17718,-7804,-8751.0,-1259,0.0,1,1,0,1,1,0,Laborers,1.0,1,1,FRIDAY,13,0,0,0,0,0,0,Housing,0.0,0.7064284028871654,0.5567274263630174,0.0278,0.0617,0.9881,0.8368,0.0018,0.0,0.1034,0.0833,0.125,0.0279,0.0227,0.029,0.0,0.0,0.0284,0.064,0.9881,0.8432,0.0018,0.0,0.1034,0.0833,0.125,0.0286,0.0248,0.0302,0.0,0.0,0.0281,0.0617,0.9881,0.8390000000000001,0.0018,0.0,0.1034,0.0833,0.125,0.0284,0.0231,0.0295,0.0,0.0,reg oper account,block of flats,0.0238,""Stone, brick"",No,8.0,0.0,8.0,0.0,-239.0,0,1,0,0,0,0,0,0,0,0,0,0,0,0,0,0,0,0,0,0,0.0,0.0,0.0,0.0,0.0,0.0,2.0,1057500.0,205276.5,0.0,0.0,-337.0,0.0,2.0,0.0,0.19411489361702128,0.0,1.0,1.0,89091.0,103203.0,6765.975,0.0,0.0,18.0,-239.0,1.0,0.0,1.0,7.0,-23.428571428571427,-22.0,0.0,0.0,0.0,0.0,47361.825000000004,47361.825000000004,1.0,0"
Cash loans,F,N,Y,1,90000.0,544491.0,17563.5,454500.0,Unaccompanied,State servant,Higher education,Single / not married,House / apartment,0.015221,-11348,-2038,-1021.0,-3964,0.0,1,1,1,1,1,0,Core staff,2.0,2,2,MONDAY,12,0,0,0,0,0,0,Kindergarten,0.0,0.5866171400119664,0.4776491548517548,0.0,0.0,0.0,0.0,0.0,0.0,0.0,0.0,0.0,0.0,0.0,0.0,0.0,0.0,0.0,0.0,0.0,0.0,0.0,0.0,0.0,0.0,0.0,0.0,0.0,0.0,0.0,0.0,0.0,0.0,0.0,0.0,0.0,0.0,0.0,0.0,0.0,0.0,0.0,0.0,0.0,0.0,0,0,0.0,0,0,0.0,0.0,0.0,0.0,-1850.0,0,1,0,0,0,0,0,0,0,0,0,0,0,0,0,0,0,0,0,0,0.0,0.0,0.0,0.0,0.0,2.0,13.0,1645692.345,137038.5,0.0,0.0,-1164.3846153846155,0.0,4.0,9.0,0.08327103204700147,0.0,0.3076923076923077,4.0,98746.875,113517.0,8895.8925,8435.25,0.09866945201849295,12.5,-1215.75,4.0,0.0,1.0,26.0,-15.653846153846153,0.0,0.0,0.0,0.0,0.0,493547.08499999996,493547.08499999996,1.0,0
"Revolving loans,M,Y,Y,0,135000.0,427500.0,21375.0,427500.0,Unaccompanied,Working,Secondary / secondary special,Married,House / apartment,0.015221,-18252,-4286,-298.0,-1800,7.0,1,1,0,1,0,0,Laborers,2.0,2,2,FRIDAY,13,0,0,0,0,0,0,Self-employed,0.5656548824667073,0.113374512719927,0.0,0.0722,0.0801,0.9781,0.7008,0.0,0.0,0.1379,0.1667,0.0417,0.0534,0.0588,0.0619,0.0,0.0,0.0735,0.0831,0.9782,0.7125,0.0,0.0,0.1379,0.1667,0.0417,0.0546,0.0643,0.0645,0.0,0.0,0.0729,0.0801,0.9781,0.7048,0.0,0.0,0.1379,0.1667,0.0417,0.0543,0.0599,0.063,0.0,0.0,reg oper account,block of flats,0.053,""Stone, brick"",No,0.0,0.0,0.0,0.0,-296.0,0,0,0,0,0,0,0,0,0,0,0,0,0,0,0,0,0,0,0,0,0.0,0.0,0.0,0.0,0.0,0.0,0.0,0.0,0.0,0.0,0.0,0.0,0.0,0.0,0.0,0.0,0.0,0.0,0.0,0.0,0.0,0.0,0.0,0.0,0.0,0.0,0.0,0.0,0.0,0.0,0.0,0.0,0.0,0.0,0.0,0.0,0.0,0.0,0.0,0"
Cash loans,F,Y,Y,1,202500.0,1132573.5,37561.5,927000.0,Unaccompanied,Commercial associate,Secondary / secondary special,Married,House / apartment,0.025164,-14815,-1652,-2299.0,-2299,14.0,1,1,0,1,0,0,Sales staff,3.0,2,2,MONDAY,9,0,0,0,0,0,0,Trade: type 7,0.4377090198475417,0.2337669575081463,0.5424451438613613,0.0,0.0,0.0,0.0,0.0,0.0,0.0,0.0,0.0,0.0,0.0,0.0,0.0,0.0,0.0,0.0,0.0,0.0,0.0,0.0,0.0,0.0,0.0,0.0,0.0,0.0,0.0,0.0,0.0,0.0,0.0,0.0,0.0,0.0,0.0,0.0,0.0,0.0,0.0,0.0,0.0,0.0,0,0,0.0,0,0,0.0,0.0,0.0,0.0,0.0,0,1,0,0,0,0,0,0,0,0,0,0,0,0,0,0,0,0,0,0,0.0,0.0,0.0,0.0,1.0,4.0,1.0,2452500.0,1886544.0,0.0,0.0,-700.0,0.0,1.0,0.0,0.7692330275229358,0.0,1.0,8.0,259795.344375,295425.781875,27645.59571428571,5845.5,0.10576622988255766,13.714285714285714,-731.0,7.0,0.0,0.875,46.0,-10.08695652173913,14.0,0.32608695652173914,5010.742173913044,230494.14,0.391304347826087,1672990.47,1442496.33,0.862226268389921,0
Cash loans,F,N,N,1,450000.0,497520.0,32521.5,450000.0,Unaccompanied,Working,Secondary / secondary special,Married,Rented apartment,0.020713,-11146,-4306,-114.0,-2518,0.0,1,1,0,1,0,0,Sales staff,3.0,3,2,THURSDAY,6,0,0,0,0,0,0,Self-employed,0.0,0.457142971588935,0.3589512285783967,0.0907,0.0795,0.9786,0.7076,0.012,0.0,0.2069,0.1667,0.2083,0.0898,0.0723,0.0873,0.0077,0.0044,0.0924,0.0825,0.9786,0.7190000000000001,0.0121,0.0,0.2069,0.1667,0.2083,0.0918,0.079,0.091,0.0078,0.0047,0.0916,0.0795,0.9786,0.7115,0.012,0.0,0.2069,0.1667,0.2083,0.0913,0.0735,0.0889,0.0078,0.0045,reg oper account,block of flats,0.0696,Panel,No,0.0,0.0,0.0,0.0,-468.0,0,1,0,0,0,0,0,0,0,0,0,0,0,0,0,0,0,0,0,0,0.0,0.0,0.0,0.0,0.0,5.0,3.0,5625000.0,3477814.38,0.0,0.0,-679.0,0.0,2.0,1.0,0.6182781119999999,0.0,0.6666666666666666,3.0,269115.0,292281.0,33193.665,0.0,0.0,21.0,-682.3333333333334,2.0,0.0,0.6666666666666666,8.0,-9.375,-2.0,0.0,0.0,0.0,0.0,954356.7599999999,954356.7599999999,1.0,0
Cash loans,F,N,Y,0,83250.0,239850.0,23850.0,225000.0,Unaccompanied,Pensioner,Secondary / secondary special,Married,House / apartment,0.006296,-24827,365243,-9012.0,-3684,0.0,1,0,0,1,1,0,0,2.0,3,3,FRIDAY,12,0,0,0,0,0,0,XNA,0.0,0.6243047373592765,0.6690566947824041,0.1443,0.0848,0.9876,0.83,0.1064,0.14,0.1207,0.375,0.4167,0.2371,0.1173,0.1484,0.0019,0.0007,0.1261,0.0754,0.9876,0.8367,0.0,0.1208,0.1034,0.375,0.4167,0.2425,0.1102,0.0923,0.0,0.0,0.1457,0.0848,0.9876,0.8323,0.1071,0.14,0.1207,0.375,0.4167,0.2412,0.1193,0.151,0.0019,0.0007,org spec account,block of flats,0.1639999999999999,Mixed,No,0.0,0.0,0.0,0.0,-795.0,0,0,0,0,1,0,0,0,0,0,0,0,0,0,0,0,0,0,0,0,0.0,0.0,0.0,0.0,0.0,3.0,3.0,625297.5,376713.0,0.0,0.0,-793.0,0.0,1.0,2.0,0.6024540318808247,0.0,0.3333333333333333,4.0,163621.125,173795.625,24067.755,0.0,0.0,11.333333333333334,-407.0,2.0,1.0,0.5,22.0,-9.545454545454545,-4.0,0.0,0.0,0.0,0.0,539424.36,539424.36,1.0,0
Cash loans,M,Y,N,2,135000.0,247500.0,12703.5,247500.0,Unaccompanied,Working,Secondary / secondary special,Married,House / apartment,0.026392,-11286,-746,-108.0,-3729,7.0,1,1,0,1,0,0,Drivers,4.0,2,2,THURSDAY,14,0,0,0,0,1,1,Business Entity Type 3,0.0,0.7861793090532118,0.5656079814115492,0.1433,0.1455,0.9861,0.8096,0.0212,0.0,0.3103,0.1667,0.2083,0.0861,0.1168,0.1217,0.0,0.0043,0.146,0.1509,0.9861,0.8171,0.0214,0.0,0.3103,0.1667,0.2083,0.0881,0.1276,0.1268,0.0,0.0045,0.1447,0.1455,0.9861,0.8121,0.0214,0.0,0.3103,0.1667,0.2083,0.0876,0.1189,0.1239,0.0,0.0044,reg oper account,block of flats,0.0967,Panel,No,1.0,1.0,1.0,0.0,-4.0,0,1,0,0,0,0,0,0,0,0,0,0,0,0,0,0,0,0,0,0,0.0,0.0,0.0,0.0,0.0,0.0,4.0,7428033.0,3682287.0,0.0,0.0,-1416.75,0.0,1.0,3.0,0.49572841154582914,0.0,0.25,1.0,126000.0,126000.0,22891.68,0.0,0.0,6.0,-324.0,1.0,0.0,1.0,4.0,-19.75,-15.0,0.0,0.0,0.0,0.0,135668.385,135668.385,1.0,0
"Cash loans,F,N,Y,0,90000.0,225000.0,11074.5,225000.0,Unaccompanied,Working,Secondary / secondary special,Married,House / apartment,0.028663,-19334,-3494,-2419.0,-2893,0.0,1,1,0,1,1,0,Cleaning staff,2.0,2,2,SATURDAY,8,0,0,0,0,0,0,Business Entity Type 3,0.5619484093041138,0.6514056365297631,0.4614823912998385,0.0722,0.0147,0.9781,0.7008,0.001,0.0,0.1379,0.1667,0.0417,0.0498,0.0588,0.067,0.0,0.0,0.0735,0.0153,0.9782,0.7125,0.001,0.0,0.1379,0.1667,0.0417,0.0509,0.0643,0.0698,0.0,0.0,0.0729,0.0147,0.9781,0.7048,0.001,0.0,0.1379,0.1667,0.0417,0.0506,0.0599,0.0682,0.0,0.0,reg oper account,block of flats,0.0533,""Stone, brick"",No,0.0,0.0,0.0,0.0,0.0,0,1,0,0,0,0,0,0,0,0,0,0,0,0,0,0,0,0,0,0,0.0,0.0,0.0,0.0,0.0,0.0,6.0,643430.97,451642.5,0.0,0.0,-930.8333333333334,0.0,2.0,4.0,0.7019284446317529,0.0,0.3333333333333333,12.0,33497.268749999996,32534.64375,4731.04125,1262.625,0.044803895654362935,8.625,-1981.0833333333333,2.0,10.0,0.16666666666666666,6.0,-21.833333333333332,0.0,0.0,0.0,0.0,0.0,70923.87,70923.87,1.0,0"
Cash loans,F,N,Y,0,112500.0,979992.0,27076.5,702000.0,Unaccompanied,Working,Secondary / secondary special,Widow,House / apartment,0.018029,-18724,-2628,-6573.0,-1827,0.0,1,1,0,1,0,0,Cooking staff,1.0,3,2,MONDAY,9,0,0,0,0,0,0,Business Entity Type 3,0.0,0.5484771599678789,0.190705947811054,0.0165,0.0089,0.9732,0.0,0.0,0.0,0.069,0.0417,0.0,0.0265,0.0,0.0094,0.0,0.0,0.0168,0.0092,0.9732,0.0,0.0,0.0,0.069,0.0417,0.0,0.0271,0.0,0.0083,0.0,0.0,0.0167,0.0089,0.9732,0.0,0.0,0.0,0.069,0.0417,0.0,0.027,0.0,0.0096,0.0,0.0,0,block of flats,0.0085,Wooden,Yes,10.0,1.0,10.0,0.0,-161.0,0,1,0,0,0,0,0,0,0,0,0,0,0,0,1,0,0,0,0,0,0.0,0.0,0.0,0.0,2.0,2.0,7.0,3970651.5,1125000.0,0.0,0.0,-579.5714285714286,0.0,3.0,4.0,0.2833288189608179,0.0,0.42857142857142855,0.0,0.0,0.0,0.0,0.0,0.0,0.0,0.0,0.0,0.0,0.0,0.0,0.0,0.0,0.0,0.0,0.0,0.0,0.0,0.0,0.0,1
Cash loans,M,N,Y,1,112500.0,327024.0,23827.5,270000.0,Family,Working,Secondary / secondary special,Married,House / apartment,0.019101,-15948,-1234,-5782.0,-3153,0.0,1,1,0,1,0,0,Laborers,3.0,2,2,SATURDAY,10,0,0,0,0,1,1,Industry: type 11,0.0,0.5411237022695412,0.6594055320683344,0.0,0.0,0.0,0.0,0.0,0.0,0.0,0.0,0.0,0.0,0.0,0.0,0.0,0.0,0.0,0.0,0.0,0.0,0.0,0.0,0.0,0.0,0.0,0.0,0.0,0.0,0.0,0.0,0.0,0.0,0.0,0.0,0.0,0.0,0.0,0.0,0.0,0.0,0.0,0.0,0.0,0.0,0,0,0.0,0,0,2.0,0.0,2.0,0.0,-2.0,0,1,0,0,0,0,0,0,0,0,0,0,0,0,0,0,0,0,0,0,0.0,0.0,0.0,0.0,0.0,0.0,4.0,1271160.0,0.0,0.0,0.0,-1071.0,17437.5,1.0,3.0,0.0,0.0,0.25,1.0,69255.0,42255.0,7910.145,27000.0,0.4245968456494773,6.0,-1497.0,1.0,0.0,1.0,7.0,-45.857142857142854,9.0,0.14285714285714285,1130.3292857142858,7912.305000000001,0.2857142857142857,55375.33500000001,47463.03,0.8571149953314051,0
Cash loans,M,Y,Y,0,270000.0,790830.0,57676.5,675000.0,Unaccompanied,State servant,Higher education,Single / not married,House / apartment,0.04622,-9994,-1796,-4668.0,-2661,1.0,1,1,0,1,0,1,0,1.0,1,1,WEDNESDAY,11,0,1,1,0,0,0,Military,0.6003959050009468,0.6850109901296888,0.524496446363472,0.0,0.0,0.0,0.0,0.0,0.0,0.0,0.0,0.0,0.0,0.0,0.0,0.0,0.0,0.0,0.0,0.0,0.0,0.0,0.0,0.0,0.0,0.0,0.0,0.0,0.0,0.0,0.0,0.0,0.0,0.0,0.0,0.0,0.0,0.0,0.0,0.0,0.0,0.0,0.0,0.0,0.0,0,0,0.0,0,0,0.0,0.0,0.0,0.0,-849.0,0,0,0,0,0,0,1,0,0,0,0,0,0,0,0,0,0,0,0,0,0.0,0.0,0.0,1.0,0.0,1.0,1.0,675000.0,0.0,0.0,0.0,-195.0,0.0,1.0,0.0,0.0,0.0,1.0,1.0,53599.5,53329.5,5542.92,5364.0,0.0995320373868253,12.0,-849.0,1.0,0.0,1.0,31.0,17.0,129.0,0.6129032258064516,1251.6270967741937,38800.44,0.45161290322580644,108212.085,69411.645,0.6414407873205659,0
Revolving loans,M,N,Y,0,90000.0,180000.0,9000.0,180000.0,Unaccompanied,Working,Higher education,Single / not married,With parents,0.030755,-10341,-1010,-4799.0,-3015,0.0,1,1,0,1,0,0,Laborers,1.0,2,2,TUESDAY,16,0,0,0,0,0,0,Business Entity Type 3,0.2979135090150507,0.5027790378786304,0.0,0.1505,0.0838,0.9831,0.7688,0.0188,0.16,0.1379,0.3333,0.375,0.0872,0.121,0.1412,0.0077,0.0061,0.1534,0.087,0.9831,0.7779,0.019,0.1611,0.1379,0.3333,0.375,0.0892,0.1322,0.1471,0.0078,0.0065,0.152,0.0838,0.9831,0.7719,0.0189,0.16,0.1379,0.3333,0.375,0.0887,0.1231,0.1437,0.0078,0.0063,reg oper account,block of flats,0.1227,Panel,No,0.0,0.0,0.0,0.0,-599.0,0,0,0,0,0,0,0,0,0,0,0,0,0,0,0,0,0,0,0,0,0.0,0.0,0.0,0.0,0.0,0.0,0.0,0.0,0.0,0.0,0.0,0.0,0.0,0.0,0.0,0.0,0.0,0.0,2.0,107977.5,112527.0,21855.78,12145.5,0.1039669070716359,6.0,-443.5,2.0,0.0,1.0,10.0,-19.0,-2.0,0.0,-5850.0,-58500.0,0.0,252855.76499999998,311355.765,1.231357192904026,0
Cash loans,F,N,Y,0,292500.0,665892.0,24592.5,477000.0,Unaccompanied,Commercial associate,Secondary / secondary special,Civil marriage,House / apartment,0.025164,-15280,-2668,-5266.0,-3787,0.0,1,1,0,1,0,1,0,2.0,2,2,WEDNESDAY,13,0,0,0,0,0,0,Business Entity Type 3,0.0,0.479987342189869,0.4101025731788671,0.0124,0.0,0.9697,0.0,0.0,0.0,0.069,0.0417,0.0,0.0,0.0,0.0149,0.0,0.0,0.0126,0.0,0.9697,0.0,0.0,0.0,0.069,0.0417,0.0,0.0,0.0,0.0155,0.0,0.0,0.0125,0.0,0.9697,0.0,0.0,0.0,0.069,0.0417,0.0,0.0,0.0,0.0152,0.0,0.0,0,block of flats,0.0117,Others,No,0.0,0.0,0.0,0.0,-1634.0,0,1,0,0,0,0,0,0,0,0,0,0,0,0,0,0,0,0,0,0,0.0,0.0,0.0,1.0,0.0,5.0,9.0,3545085.42,2054371.5,0.0,0.0,-1399.3333333333333,0.0,5.0,4.0,0.5794984483053726,0.0,0.5555555555555556,22.0,155864.6590909091,161788.29545454544,18985.752,4684.5,0.06283755152380639,22.6,-558.1818181818181,8.0,8.0,0.36363636363636365,71.0,-5.042253521126761,9.0,0.2112676056338028,1761.3430985915493,125055.36,0.16901408450704225,2104904.3850000002,1979849.025,0.940588579276488,0
Cash loans,F,N,Y,0,112500.0,512064.0,25033.5,360000.0,Family,Working,Secondary / secondary special,Civil marriage,House / apartment,0.008575,-11144,-1104,-7846.0,-2904,0.0,1,1,0,1,0,0,Private service staff,2.0,2,2,TUESDAY,12,0,0,0,0,0,0,Services,0.2744223724911185,0.6273004007953609,0.0,0.3670000000000001,0.3751,0.9901,0.0,0.0,0.28,0.4828,0.375,0.0,0.1569,0.0,0.2574,0.0,0.0,0.3739,0.3893,0.9901,0.0,0.0,0.282,0.4828,0.375,0.0,0.1604,0.0,0.2682,0.0,0.0,0.3706,0.3751,0.9901,0.0,0.0,0.28,0.4828,0.375,0.0,0.1596,0.0,0.262,0.0,0.0,0,block of flats,0.3388,Block,No,2.0,0.0,2.0,0.0,-397.0,0,1,0,0,0,0,0,0,0,0,0,0,0,0,0,0,0,0,0,0,0.0,0.0,0.0,0.0,2.0,5.0,1.0,94959.0,8339.355,0.0,0.0,-889.0,0.0,1.0,0.0,0.08782058572647142,0.0,1.0,8.0,89138.25,92851.3125,8613.954,0.0,0.0,15.6,-222.125,2.0,3.0,0.25,12.0,-18.5,-4.0,0.0,0.0,0.0,0.0,78613.605,78613.605,1.0,0
Cash loans,F,N,N,0,90000.0,199008.0,20893.5,180000.0,Unaccompanied,Working,Secondary / secondary special,Civil marriage,House / apartment,0.010032,-12974,-4404,-7123.0,-4464,0.0,1,1,1,1,0,0,Laborers,2.0,2,2,SATURDAY,11,0,0,0,0,0,0,Business Entity Type 2,0.0,0.5594667916353414,0.7981372313187245,0.0928,0.0,0.9801,0.0,0.0,0.0,0.2069,0.1667,0.0,0.0,0.0,0.0602,0.0,0.0436,0.0945,0.0,0.9801,0.0,0.0,0.0,0.2069,0.1667,0.0,0.0,0.0,0.0627,0.0,0.0461,0.0937,0.0,0.9801,0.0,0.0,0.0,0.2069,0.1667,0.0,0.0,0.0,0.0613,0.0,0.0445,0,block of flats,0.0684,Panel,No,0.0,0.0,0.0,0.0,-2766.0,0,1,0,0,0,0,0,0,0,0,0,0,0,0,0,0,0,0,0,0,0.0,0.0,0.0,0.0,0.0,2.0,8.0,592132.5,0.0,0.0,0.0,-1812.875,0.0,1.0,7.0,0.0,0.0,0.125,5.0,130142.7,140661.0,17011.764,2689.875,0.0267398105587595,10.8,-1186.2,3.0,2.0,0.6,22.0,-18.318181818181817,-7.0,0.0,0.0,0.0,0.0,422786.52,422786.52,1.0,0
Cash loans,M,Y,N,1,360000.0,733315.5,39069.0,679500.0,Unaccompanied,Commercial associate,Secondary / secondary special,Married,House / apartment,0.015221,-11694,-2060,-3557.0,-3557,3.0,1,1,0,1,0,0,Drivers,3.0,2,2,THURSDAY,10,0,0,0,1,1,0,Self-employed,0.0,0.3217448956617718,0.4118485559242397,0.0,0.0,0.0,0.0,0.0,0.0,0.0,0.0,0.0,0.0,0.0,0.0,0.0,0.0,0.0,0.0,0.0,0.0,0.0,0.0,0.0,0.0,0.0,0.0,0.0,0.0,0.0,0.0,0.0,0.0,0.0,0.0,0.0,0.0,0.0,0.0,0.0,0.0,0.0,0.0,0.0,0.0,0,0,0.0,0,0,2.0,0.0,2.0,0.0,-697.0,0,0,0,0,0,0,1,0,0,0,0,0,0,0,0,0,0,0,0,0,0.0,0.0,0.0,0.0,1.0,1.0,9.0,4489092.0,2438748.0,0.0,0.0,-641.4444444444445,0.0,3.0,5.0,0.5432608643351484,0.0,0.3333333333333333,4.0,348917.52375,383785.875,20679.495,2.0475,8.598717724835e-05,18.0,-1245.25,3.0,0.0,0.75,21.0,-18.142857142857142,0.0,0.0,-28104.15642857143,-590187.285,0.0,1715314.5,2305501.785,1.3440694315823718,0
"Cash loans,F,N,Y,0,135000.0,1125000.0,32895.0,1125000.0,Unaccompanied,State servant,Higher education,Married,House / apartment,0.0196889999999999,-15997,-4585,-5735.0,-4067,0.0,1,1,0,1,0,0,Core staff,2.0,2,2,FRIDAY,14,0,0,0,0,0,0,Security Ministries,0.0,0.1724975081477771,0.0,0.0825,0.0804,0.9762,0.6736,0.0056,0.0,0.1379,0.1667,0.2083,0.038,0.0672,0.0637,0.0,0.0,0.084,0.0835,0.9762,0.6864,0.0057,0.0,0.1379,0.1667,0.2083,0.0389,0.0735,0.0664,0.0,0.0,0.0833,0.0804,0.9762,0.6779999999999999,0.0057,0.0,0.1379,0.1667,0.2083,0.0387,0.0684,0.0648,0.0,0.0,reg oper account,block of flats,0.0532,""Stone, brick"",No,0.0,0.0,0.0,0.0,-3019.0,0,1,0,0,0,0,0,0,0,0,0,0,0,0,0,0,0,0,0,0,0.0,0.0,0.0,0.0,0.0,0.0,0.0,0.0,0.0,0.0,0.0,0.0,0.0,0.0,0.0,0.0,0.0,0.0,1.0,367200.0,367200.0,18984.24,0.0,0.0,24.0,-1038.0,1.0,0.0,1.0,35.0,-7.3428571428571425,10.0,0.2571428571428571,3934.902857142858,137721.60000000003,0.45714285714285713,636122.4750000001,498400.875,0.7834982956701851,0"
"Cash loans,F,N,N,0,112500.0,450000.0,44509.5,450000.0,Unaccompanied,Working,Higher education,Married,House / apartment,0.008575,-12158,-1275,-6265.0,-2009,0.0,1,1,1,1,1,0,Sales staff,2.0,2,2,MONDAY,19,0,0,0,0,0,0,Self-employed,0.0,0.6631580756296298,0.6785676886853644,0.0948,0.0792,0.9861,0.8096,0.0,0.0,0.1724,0.1667,0.0,0.0888,0.0,0.0582,0.0,0.0,0.0966,0.0822,0.9861,0.8171,0.0,0.0,0.1724,0.1667,0.0,0.0908,0.0,0.0606,0.0,0.0,0.0958,0.0792,0.9861,0.8121,0.0,0.0,0.1724,0.1667,0.0,0.0903,0.0,0.0592,0.0,0.0,reg oper account,block of flats,0.0749,""Stone, brick"",No,0.0,0.0,0.0,0.0,-1285.0,0,1,0,0,0,0,0,0,0,0,0,0,0,0,0,0,0,0,0,0,0.0,0.0,0.0,0.0,0.0,0.0,13.0,822305.16,0.0,0.0,0.0,-1292.5384615384614,0.0,1.0,12.0,0.0,0.0,0.07692307692307693,2.0,37001.25,40281.75,5283.0,0.0,0.0,9.0,-2104.5,2.0,0.0,1.0,20.0,-34.8,46.0,0.4,730.20825,14604.165,0.2,121789.98,107185.815,0.8800873027485513,0"
Cash loans,F,N,Y,2,198000.0,641173.5,23157.0,553500.0,Unaccompanied,Commercial associate,Secondary / secondary special,Married,House / apartment,0.01885,-17199,-768,-63.0,-735,0.0,1,1,1,1,1,0,Private service staff,4.0,2,2,THURSDAY,13,0,0,0,0,0,0,Other,0.8427634659543568,0.6816988025574287,0.7544061731797895,0.0,0.0,0.0,0.0,0.0,0.0,0.0,0.0,0.0,0.0,0.0,0.0,0.0,0.0,0.0,0.0,0.0,0.0,0.0,0.0,0.0,0.0,0.0,0.0,0.0,0.0,0.0,0.0,0.0,0.0,0.0,0.0,0.0,0.0,0.0,0.0,0.0,0.0,0.0,0.0,0.0,0.0,0,0,0.0,0,0,0.0,0.0,0.0,0.0,-2411.0,0,1,0,0,0,0,0,0,0,0,0,0,0,0,0,0,0,0,0,0,0.0,0.0,0.0,0.0,1.0,1.0,2.0,333720.0,0.0,0.0,0.0,-1904.0,16290.0,0.0,2.0,0.0,0.0,0.0,9.0,936475.0,965679.5,41918.495,105750.0,0.08886348815081319,31.555555555555557,-534.1111111111111,4.0,5.0,0.4444444444444444,77.0,-20.948051948051948,8.0,0.03896103896103896,687.5251948051948,52939.44,0.07792207792207792,1304067.51,1251128.07,0.9594043716341035,0
Cash loans,M,N,Y,0,121500.0,454500.0,15151.5,454500.0,Unaccompanied,Working,Secondary / secondary special,Married,House / apartment,0.030755,-21077,-1288,-5474.0,-4270,0.0,1,1,0,1,1,0,Drivers,2.0,2,2,FRIDAY,10,0,0,0,0,1,1,Transport: type 4,0.8045861213121414,0.7197985370372056,0.722392890081304,0.0,0.0,0.0,0.0,0.0,0.0,0.0,0.0,0.0,0.0,0.0,0.0,0.0,0.0,0.0,0.0,0.0,0.0,0.0,0.0,0.0,0.0,0.0,0.0,0.0,0.0,0.0,0.0,0.0,0.0,0.0,0.0,0.0,0.0,0.0,0.0,0.0,0.0,0.0,0.0,0.0,0.0,0,0,0.0,0,0,0.0,0.0,0.0,0.0,-1541.0,0,1,0,0,0,0,0,0,0,0,0,0,0,0,0,0,0,0,0,0,0.0,0.0,0.0,1.0,0.0,0.0,11.0,2329694.46,1147764.6,0.0,0.0,-1552.090909090909,0.0,6.0,5.0,0.4926674376003796,0.0,0.5454545454545454,4.0,288337.5,299743.875,18290.50875,1695.0,0.03465609887845247,24.0,-1716.25,4.0,0.0,1.0,71.0,-17.154929577464788,21.0,0.08450704225352113,814.1919718309861,57807.63000000001,0.08450704225352113,1974011.625,1916203.995,0.9707156587793652,0
"Cash loans,F,N,Y,0,99000.0,247275.0,17338.5,225000.0,Unaccompanied,Pensioner,Secondary / secondary special,Married,House / apartment,0.006207,-23920,365243,-9817.0,-4969,0.0,1,0,0,1,1,0,0,2.0,2,2,FRIDAY,11,0,0,0,0,0,0,XNA,0.0,0.6507647995068742,0.7517237147741489,0.0,0.0,0.9851,0.0,0.0,0.04,0.0345,0.3333,0.0,0.0566,0.0,0.0922,0.0,0.0,0.0,0.0,0.9851,0.0,0.0,0.0403,0.0345,0.3333,0.0,0.0579,0.0,0.096,0.0,0.0,0.0,0.0,0.9851,0.0,0.0,0.04,0.0345,0.3333,0.0,0.0576,0.0,0.0938,0.0,0.0,0,block of flats,0.0786,""Stone, brick"",No,0.0,0.0,0.0,0.0,0.0,0,1,0,0,0,0,0,0,0,0,0,0,0,0,0,0,0,0,0,0,0.0,0.0,0.0,0.0,0.0,2.0,3.0,438054.39,89351.46,0.0,0.0,-554.0,0.0,1.0,2.0,0.20397343809292723,0.0,0.3333333333333333,4.0,339485.625,368978.625,18560.14875,1500.0,0.045395811308028396,18.0,-1789.0,4.0,0.0,1.0,64.0,-5.109375,3.0,0.140625,422.4192187500001,27034.830000000005,0.09375,2076068.79,2049033.96,0.9869778736956013,0"
"Revolving loans,M,Y,Y,0,180000.0,540000.0,27000.0,540000.0,Unaccompanied,Working,Higher education,Married,House / apartment,0.025164,-16126,-1761,-8236.0,-4292,3.0,1,1,0,1,0,0,Managers,2.0,2,2,TUESDAY,8,0,0,0,0,0,0,Business Entity Type 3,0.0,0.7380532835697358,0.6058362647264226,0.0814,0.0994,0.9831,0.7688,0.0142,0.0,0.2069,0.1667,0.2083,0.1404,0.0656,0.0771,0.0039,0.0227,0.083,0.1032,0.9831,0.7779,0.0143,0.0,0.2069,0.1667,0.2083,0.1436,0.0716,0.0804,0.0039,0.0241,0.0822,0.0994,0.9831,0.7719,0.0143,0.0,0.2069,0.1667,0.2083,0.1429,0.0667,0.0785,0.0039,0.0232,org spec account,block of flats,0.0734,""Stone, brick"",No,1.0,0.0,1.0,0.0,-540.0,0,0,0,0,0,0,0,0,0,0,0,0,0,0,0,0,0,0,0,0,0.0,0.0,0.0,1.0,0.0,1.0,4.0,12637260.0,0.0,0.0,0.0,-1493.25,0.0,1.0,3.0,0.0,0.0,0.25,2.0,393750.0,481817.25,28721.925,0.0,0.0,21.0,-494.0,1.0,1.0,0.5,17.0,-0.5294117647058824,0.0,0.0,0.0,0.0,0.0,482640.795,482640.795,1.0,0"
"Cash loans,M,N,Y,0,202500.0,1193580.0,35028.0,855000.0,Unaccompanied,Commercial associate,Secondary / secondary special,Married,House / apartment,0.025164,-17482,-1262,-1182.0,-1029,0.0,1,1,0,1,0,0,Laborers,2.0,2,2,TUESDAY,9,0,0,0,0,0,0,Business Entity Type 3,0.0,0.306840586048305,0.3201633668633456,0.1309,0.125,0.996,0.9456,0.0822,0.16,0.1379,0.25,0.2917,0.0142,0.1059,0.1267,0.0039,0.0078,0.1334,0.1297,0.996,0.9477,0.083,0.1611,0.1379,0.25,0.2917,0.0145,0.1157,0.132,0.0039,0.0082,0.1322,0.125,0.996,0.9463,0.0827,0.16,0.1379,0.25,0.2917,0.0144,0.1077,0.129,0.0039,0.0079,org spec account,block of flats,0.1463,""Stone, brick"",No,0.0,0.0,0.0,0.0,-1075.0,0,1,0,0,0,0,0,0,0,0,0,0,0,0,0,0,0,0,0,0,0.0,0.0,0.0,2.0,0.0,4.0,5.0,9527634.0,3220456.5,0.0,0.0,-1104.8,0.0,3.0,2.0,0.33801219694207396,0.0,0.6,6.0,242617.5,338818.5,16749.915,3820.5,0.1089090909090909,23.666666666666668,-1432.0,4.0,2.0,0.6666666666666666,20.0,-4.1,0.0,0.0,0.0,0.0,0.0,268547.58,268547.58,1.0,1"
Cash loans,F,N,Y,0,202500.0,604152.0,29196.0,540000.0,Unaccompanied,Working,Secondary / secondary special,Married,House / apartment,0.009175,-16971,-475,-3148.0,-513,0.0,1,1,0,1,1,0,Laborers,2.0,2,2,MONDAY,12,0,1,1,0,1,1,Industry: type 1,0.0,0.0373152355612163,0.0,0.0,0.0,0.0,0.0,0.0,0.0,0.0,0.0,0.0,0.0,0.0,0.0,0.0,0.0,0.0,0.0,0.0,0.0,0.0,0.0,0.0,0.0,0.0,0.0,0.0,0.0,0.0,0.0,0.0,0.0,0.0,0.0,0.0,0.0,0.0,0.0,0.0,0.0,0.0,0.0,0.0,0.0,0,0,0.0,0,0,4.0,0.0,4.0,0.0,-458.0,0,1,0,0,0,0,0,0,0,0,0,0,0,0,0,0,0,0,0,0,0.0,0.0,0.0,0.0,0.0,5.0,1.0,22905.0,0.0,0.0,0.0,-75.0,0.0,0.0,1.0,0.0,0.0,0.0,4.0,394875.0,432694.125,38522.265,0.0,0.0,12.0,-544.5,3.0,0.0,0.75,67.0,-4.208955223880597,6.0,0.014925373134328358,0.0,0.0,0.0,1898737.2449999999,1898737.2449999999,1.0,0
Cash loans,F,N,N,0,135000.0,288873.0,16258.5,238500.0,Unaccompanied,Working,Secondary / secondary special,Civil marriage,House / apartment,0.007305,-13384,-3597,-45.0,-4409,0.0,1,1,1,1,1,0,Sales staff,2.0,3,3,THURSDAY,11,0,0,0,0,0,0,Self-employed,0.4682080567974757,0.6742032101473874,0.3996756156233169,0.0,0.0,0.0,0.0,0.0,0.0,0.0,0.0,0.0,0.0,0.0,0.0,0.0,0.0,0.0,0.0,0.0,0.0,0.0,0.0,0.0,0.0,0.0,0.0,0.0,0.0,0.0,0.0,0.0,0.0,0.0,0.0,0.0,0.0,0.0,0.0,0.0,0.0,0.0,0.0,0.0,0.0,0,0,0.0,0,0,1.0,0.0,1.0,0.0,-1480.0,0,1,0,0,0,0,0,0,0,0,0,0,0,0,0,0,0,0,0,0,0.0,0.0,0.0,0.0,0.0,2.0,7.0,851747.85,552442.5,0.0,0.0,-819.1428571428571,0.0,5.0,2.0,0.648598643366109,0.0,0.7142857142857143,5.0,35602.2,55715.4,5747.8589999999995,4377.0,0.11639047300249705,8.0,-1066.6,5.0,0.0,1.0,58.0,-6.068965517241379,7.0,0.06896551724137931,279.473275862069,16209.45,0.10344827586206896,293628.6,277419.15,0.9447960791285319,1
Cash loans,F,N,Y,0,108000.0,746280.0,42970.5,675000.0,Unaccompanied,Pensioner,Higher education,Single / not married,House / apartment,0.010966,-23548,365243,-5745.0,-4576,0.0,1,0,0,1,0,0,0,1.0,2,2,WEDNESDAY,9,0,0,0,0,0,0,XNA,0.0,0.7661378050275851,0.6848276586890367,0.2186,0.1232,0.9851,0.7959999999999999,0.0528,0.24,0.2069,0.3333,0.375,0.1154,0.1774,0.2113,0.0039,0.0051,0.2227,0.1279,0.9851,0.804,0.0533,0.2417,0.2069,0.3333,0.375,0.1181,0.1938,0.2202,0.0039,0.0054,0.2207,0.1232,0.9851,0.7987,0.0531,0.24,0.2069,0.3333,0.375,0.1175,0.1804,0.2151,0.0039,0.0052,reg oper spec account,block of flats,0.1903,Panel,No,0.0,0.0,0.0,0.0,-491.0,0,1,0,0,0,0,0,0,0,0,0,0,0,0,0,0,0,0,0,0,0.0,0.0,0.0,0.0,0.0,3.0,3.0,742741.38,0.0,0.0,0.0,-2025.0,0.0,0.0,3.0,0.0,0.0,0.0,3.0,111199.5,111199.5,7959.8025,0.0,0.0,12.0,-317.6666666666667,2.0,0.0,0.6666666666666666,16.0,-11.8125,-6.0,0.0,0.0,0.0,0.0,164519.145,164519.145,1.0,0
Cash loans,M,N,Y,0,202500.0,661702.5,48280.5,598500.0,Unaccompanied,Working,Secondary / secondary special,Civil marriage,House / apartment,0.007114,-9827,-758,-4166.0,-2380,0.0,1,1,1,1,0,0,0,2.0,2,2,WEDNESDAY,12,0,0,0,0,1,1,Business Entity Type 3,0.0,0.6315186311742824,0.0,0.0,0.0,0.0,0.0,0.0,0.0,0.0,0.0,0.0,0.0,0.0,0.0,0.0,0.0,0.0,0.0,0.0,0.0,0.0,0.0,0.0,0.0,0.0,0.0,0.0,0.0,0.0,0.0,0.0,0.0,0.0,0.0,0.0,0.0,0.0,0.0,0.0,0.0,0.0,0.0,0.0,0.0,0,0,0.0,0,0,1.0,0.0,1.0,0.0,-556.0,0,1,0,0,0,0,0,0,0,0,0,0,0,0,0,0,0,0,0,0,0.0,0.0,0.0,0.0,0.0,0.0,0.0,0.0,0.0,0.0,0.0,0.0,0.0,0.0,0.0,0.0,0.0,0.0,3.0,45540.0,50689.5,6887.16,0.0,0.0,24.0,-313.6666666666667,1.0,1.0,0.3333333333333333,18.0,-6.555555555555555,0.0,0.0,0.0,0.0,0.0,123968.88,123968.88,1.0,0
Revolving loans,F,N,Y,1,90000.0,180000.0,9000.0,180000.0,Family,Working,Secondary / secondary special,Civil marriage,House / apartment,0.009334,-7974,-895,-6591.0,-642,0.0,1,1,1,1,0,0,Sales staff,3.0,2,2,MONDAY,10,0,0,0,0,0,0,Self-employed,0.0,0.535542260363498,0.0,0.0,0.0,0.0,0.0,0.0,0.0,0.0,0.0,0.0,0.0,0.0,0.0,0.0,0.0,0.0,0.0,0.0,0.0,0.0,0.0,0.0,0.0,0.0,0.0,0.0,0.0,0.0,0.0,0.0,0.0,0.0,0.0,0.0,0.0,0.0,0.0,0.0,0.0,0.0,0.0,0.0,0.0,0,0,0.0,0,0,1.0,1.0,1.0,1.0,-462.0,0,0,0,0,0,0,0,0,0,0,0,0,0,0,0,0,0,0,0,0,0.0,0.0,0.0,0.0,0.0,0.0,0.0,0.0,0.0,0.0,0.0,0.0,0.0,0.0,0.0,0.0,0.0,0.0,2.0,23667.75,25944.75,5334.75,0.0,0.0,6.0,-380.0,2.0,0.0,1.0,9.0,-8.666666666666666,-1.0,0.0,0.0,0.0,0.0,62647.604999999996,62647.604999999996,1.0,0
Cash loans,F,N,Y,0,202500.0,305221.5,17649.0,252000.0,Family,Pensioner,Secondary / secondary special,Single / not married,House / apartment,0.0196889999999999,-20373,365243,-7760.0,-1993,0.0,1,0,0,1,0,0,0,1.0,2,2,MONDAY,8,0,0,0,0,0,0,XNA,0.0,0.2476647173356162,0.475849908720221,0.0,0.0,0.0,0.0,0.0,0.0,0.0,0.0,0.0,0.0,0.0,0.0,0.0,0.0,0.0,0.0,0.0,0.0,0.0,0.0,0.0,0.0,0.0,0.0,0.0,0.0,0.0,0.0,0.0,0.0,0.0,0.0,0.0,0.0,0.0,0.0,0.0,0.0,0.0,0.0,0.0,0.0,0,0,0.0,0,0,0.0,0.0,0.0,0.0,-649.0,0,1,0,0,0,0,0,0,0,0,0,0,0,0,0,0,0,0,0,0,0.0,0.0,0.0,0.0,2.0,4.0,8.0,675508.5,0.0,0.0,0.0,-2337.875,0.0,1.0,7.0,0.0,0.0,0.125,5.0,36000.0,160581.6,16535.685,0.0,0.0,12.0,-284.4,2.0,1.0,0.4,21.0,-7.095238095238095,1.0,0.047619047619047616,0.0,0.0,0.0,304142.53500000003,304142.53500000003,1.0,0
Cash loans,F,N,Y,0,99000.0,260640.0,26838.0,225000.0,Unaccompanied,Working,Secondary / secondary special,Married,House / apartment,0.022625,-20121,-5332,-9197.0,-3283,0.0,1,1,1,1,1,0,Medicine staff,2.0,2,2,WEDNESDAY,16,0,0,0,0,1,1,Business Entity Type 3,0.0,0.0892406534424171,0.7281412993111438,0.0,0.0,0.0,0.0,0.0,0.0,0.0,0.0,0.0,0.0,0.0,0.0,0.0,0.0,0.0,0.0,0.0,0.0,0.0,0.0,0.0,0.0,0.0,0.0,0.0,0.0,0.0,0.0,0.0,0.0,0.0,0.0,0.0,0.0,0.0,0.0,0.0,0.0,0.0,0.0,0.0,0.0,0,0,0.0,0,0,4.0,0.0,4.0,0.0,-1247.0,0,1,0,0,0,0,0,0,0,0,0,0,0,0,0,0,0,0,0,0,0.0,0.0,0.0,0.0,0.0,2.0,2.0,104692.5,0.0,0.0,0.0,-1310.5,0.0,1.0,1.0,0.0,0.0,0.5,5.0,85999.5,81145.8,7943.8679999999995,4853.7,0.06535021559860901,11.6,-799.8,4.0,1.0,0.8,47.0,-7.148936170212766,9.0,0.06382978723404255,280.12212765957446,13165.74,0.0851063829787234,395041.995,381876.255,0.9666725559139605,0
Cash loans,F,N,N,0,130500.0,1350000.0,37255.5,1350000.0,Unaccompanied,State servant,Secondary / secondary special,Married,House / apartment,0.020713,-19727,-4411,-6225.0,-3199,0.0,1,1,1,1,1,0,Managers,2.0,3,3,THURSDAY,10,0,0,0,0,0,0,Government,0.7104273289168539,0.5891866296961207,0.4668640059537032,0.0,0.0,0.0,0.0,0.0,0.0,0.0,0.0,0.0,0.0,0.0,0.0,0.0,0.0,0.0,0.0,0.0,0.0,0.0,0.0,0.0,0.0,0.0,0.0,0.0,0.0,0.0,0.0,0.0,0.0,0.0,0.0,0.0,0.0,0.0,0.0,0.0,0.0,0.0,0.0,0.0,0.0,0,0,0.0,0,0,0.0,0.0,0.0,0.0,-784.0,0,1,0,0,0,0,0,0,0,0,0,0,0,0,0,0,0,0,0,0,0.0,0.0,0.0,0.0,0.0,0.0,7.0,2826732.015,1244438.055,0.0,0.0,-876.8571428571429,0.0,4.0,3.0,0.4402391342357227,0.0,0.5714285714285714,2.0,73264.5,73975.5,9036.787499999999,5467.5,0.0497460697197539,9.0,-568.5,2.0,0.0,1.0,13.0,-11.0,-6.0,0.0,0.0,0.0,0.0,173616.21,173616.21,1.0,0
Cash loans,M,Y,Y,0,360000.0,1506816.0,49927.5,1350000.0,Unaccompanied,Working,Secondary / secondary special,Married,House / apartment,0.010006,-18264,-9523,-5504.0,-1797,3.0,1,1,0,1,0,0,Laborers,2.0,2,2,THURSDAY,10,0,0,0,0,1,1,Transport: type 2,0.0,0.5239340474953537,0.0,0.0,0.0,0.0,0.0,0.0,0.0,0.0,0.0,0.0,0.0,0.0,0.0,0.0,0.0,0.0,0.0,0.0,0.0,0.0,0.0,0.0,0.0,0.0,0.0,0.0,0.0,0.0,0.0,0.0,0.0,0.0,0.0,0.0,0.0,0.0,0.0,0.0,0.0,0.0,0.0,0.0,0.0,0,0,0.0,0,0,1.0,1.0,1.0,1.0,-1498.0,0,1,0,0,0,0,0,0,0,0,0,0,0,0,0,0,0,0,0,0,0.0,0.0,0.0,0.0,0.0,0.0,0.0,0.0,0.0,0.0,0.0,0.0,0.0,0.0,0.0,0.0,0.0,0.0,3.0,254640.0,283330.5,17561.715,11196.0,0.05445454545454545,29.333333333333332,-2538.0,3.0,0.0,1.0,93.0,-9.817204301075268,16.0,0.27956989247311825,4807.274032258066,447076.4850000001,0.45161290322580644,2103786.45,1656709.965,0.7874896071319406,0
Revolving loans,F,N,Y,0,54000.0,135000.0,6750.0,135000.0,Unaccompanied,State servant,Higher education,Married,House / apartment,0.0145199999999999,-12406,-1176,-1149.0,-2576,0.0,1,1,0,0,0,0,Core staff,2.0,2,2,THURSDAY,9,0,0,0,0,0,0,School,0.6562248044601879,0.4508497225560816,0.4794489811780563,0.0664,0.0442,0.998,0.0,0.0,0.08,0.0552,0.4083,0.45,0.0085,0.0,0.0651,0.0,0.016,0.0441,0.0306,0.998,0.0,0.0,0.0806,0.069,0.375,0.4167,0.0078,0.0,0.0487,0.0,0.0168,0.0822,0.0408,0.998,0.0,0.0,0.08,0.069,0.375,0.4167,0.0087,0.0,0.0747,0.0,0.0163,0,block of flats,0.0403,Panel,No,0.0,0.0,0.0,0.0,0.0,0,1,0,0,0,0,0,0,0,0,0,0,0,0,0,0,1,0,0,0,0.0,0.0,0.0,0.0,0.0,0.0,4.0,810000.0,258597.0,0.0,0.0,-1049.75,0.0,2.0,2.0,0.31925555555555557,0.0,0.5,0.0,0.0,0.0,0.0,0.0,0.0,0.0,0.0,0.0,0.0,0.0,0.0,0.0,0.0,0.0,0.0,0.0,0.0,0.0,0.0,0.0,0
Cash loans,M,Y,Y,1,540000.0,675000.0,34596.0,675000.0,Unaccompanied,Commercial associate,Higher education,Married,House / apartment,0.026392,-18632,-6977,-3904.0,-1937,7.0,1,1,0,1,1,0,Managers,3.0,2,2,TUESDAY,10,0,0,0,0,0,0,Services,0.3115099249880457,0.7133545848531052,0.3092753558842053,0.5309,0.2491,0.9811,0.7416,0.0,0.88,0.3793,0.4583,0.0,0.3977,0.0,0.5878,0.0,0.0487,0.541,0.2585,0.9811,0.7517,0.0,0.8862,0.3793,0.4583,0.0,0.4067,0.0,0.6124,0.0,0.0516,0.5361,0.2491,0.9811,0.7451,0.0,0.88,0.3793,0.4583,0.0,0.4046,0.0,0.5983,0.0,0.0498,0,block of flats,0.5149,Panel,No,2.0,0.0,2.0,0.0,-1285.0,0,1,0,0,0,0,0,0,0,0,0,0,0,0,0,0,0,0,0,0,0.0,0.0,1.0,0.0,0.0,3.0,5.0,2157469.2,980784.0,0.0,0.0,-639.4,9997.2,1.0,4.0,0.4545993055196338,0.0,0.2,18.0,186235.56,225695.22499999998,25907.202692307692,6202.67,0.08803064097618957,12.461538461538462,-1106.5,6.0,8.0,0.3333333333333333,19.0,-14.368421052631579,0.0,0.0,0.0,0.0,0.0,1308560.94,1308560.94,1.0,0
"Cash loans,M,Y,N,0,76500.0,454500.0,14661.0,454500.0,Unaccompanied,Working,Secondary / secondary special,Married,House / apartment,0.028663,-12282,-778,-1824.0,-1992,13.0,1,1,1,1,0,0,0,2.0,2,2,TUESDAY,10,0,0,0,0,0,0,Emergency,0.2445616325354615,0.705947456699447,0.7992967832109371,0.0227,0.0,0.9806,0.0,0.0,0.0,0.1034,0.0417,0.0,0.0,0.0,0.0114,0.0,0.0226,0.0231,0.0,0.9806,0.0,0.0,0.0,0.1034,0.0417,0.0,0.0,0.0,0.0119,0.0,0.0239,0.0229,0.0,0.9806,0.0,0.0,0.0,0.1034,0.0417,0.0,0.0,0.0,0.0116,0.0,0.023,0,block of flats,0.0139,""Stone, brick"",No,4.0,0.0,4.0,0.0,-466.0,0,1,0,0,0,0,0,0,0,0,0,0,0,0,0,0,0,0,0,0,0.0,0.0,0.0,1.0,0.0,0.0,5.0,274641.83999999997,0.0,0.0,0.0,-1327.0,0.0,0.0,5.0,0.0,0.0,0.0,1.0,180000.0,180000.0,12177.0,0.0,0.0,36.0,-466.0,1.0,0.0,1.0,6.0,-15.0,-9.0,0.0,-15000.0,-90000.0,0.0,218546.55,308546.55,1.4118115797298105,0"
Cash loans,F,N,Y,2,225000.0,314055.0,16164.0,238500.0,Unaccompanied,Commercial associate,Higher education,Married,House / apartment,0.006629,-10473,-1392,-2025.0,-1240,0.0,1,1,0,1,0,0,Core staff,4.0,2,2,THURSDAY,3,0,0,0,1,1,0,Self-employed,0.1895957995501827,0.7029791046049891,0.7016957740576931,0.0,0.0,0.0,0.0,0.0,0.0,0.0,0.0,0.0,0.0,0.0,0.0,0.0,0.0,0.0,0.0,0.0,0.0,0.0,0.0,0.0,0.0,0.0,0.0,0.0,0.0,0.0,0.0,0.0,0.0,0.0,0.0,0.0,0.0,0.0,0.0,0.0,0.0,0.0,0.0,0.0,0.0,0,0,0.0,0,0,0.0,0.0,0.0,0.0,-570.0,0,1,0,0,0,0,0,0,0,0,0,0,0,0,0,0,0,0,0,0,0.0,0.0,0.0,0.0,0.0,5.0,1.0,37741.5,0.0,0.0,0.0,-924.0,0.0,0.0,1.0,0.0,0.0,0.0,6.0,314509.5,336567.75,27749.565000000002,5577.75,0.09678810201748986,16.8,-1072.3333333333333,5.0,0.0,0.8333333333333334,77.0,-10.727272727272727,7.0,0.07792207792207792,-2831.7903896103894,-218047.86,0.07792207792207792,2862635.04,3080682.9,1.0761703315138629,0
Cash loans,M,Y,N,0,81000.0,675000.0,32472.0,675000.0,Unaccompanied,Pensioner,Secondary / secondary special,Married,House / apartment,0.010006,-18611,365243,-6936.0,-2142,8.0,1,0,0,1,1,0,0,2.0,2,2,TUESDAY,17,0,0,0,0,0,0,XNA,0.0,0.6628649268152181,0.7380196196295241,0.2165,0.1678,0.9846,0.7892,0.0,0.24,0.2069,0.3333,0.375,0.1071,0.0,0.0,0.0,0.0151,0.2206,0.1741,0.9846,0.7975,0.0,0.2417,0.2069,0.3333,0.375,0.1095,0.0,0.0,0.0,0.016,0.2186,0.1678,0.9846,0.792,0.0,0.24,0.2069,0.3333,0.375,0.1089,0.0,0.0,0.0,0.0154,reg oper account,block of flats,0.2048,Panel,No,0.0,0.0,0.0,0.0,-462.0,0,1,0,0,0,0,0,0,0,0,0,0,0,0,0,0,0,0,0,0,0.0,0.0,0.0,0.0,0.0,2.0,2.0,1081626.12,0.0,0.0,0.0,-1297.0,0.0,0.0,2.0,0.0,0.0,0.0,10.0,503100.0,510191.55,37283.3325,75150.0,0.1048005334682718,42.0,-312.1,3.0,4.0,0.3,15.0,-10.6,-4.0,0.0,0.0,0.0,0.0,1041291.6749999999,1041291.6749999999,1.0,0
"Cash loans,F,N,Y,0,180000.0,837427.5,45558.0,666000.0,Unaccompanied,Working,Higher education,Married,House / apartment,0.022625,-12955,-4106,-7054.0,-5164,0.0,1,1,0,1,1,1,Managers,2.0,2,2,MONDAY,15,0,0,0,0,0,0,Medicine,0.5527719020519871,0.6166372926426479,0.0701088438273582,0.1186,0.066,0.9801,0.728,0.0385,0.04,0.0345,0.3333,0.0417,0.0606,0.0958,0.0822,0.0039,0.0002,0.1208,0.0685,0.9801,0.7387,0.0388,0.0403,0.0345,0.3333,0.0417,0.062,0.1047,0.0856,0.0039,0.0002,0.1197,0.066,0.9801,0.7316,0.0387,0.04,0.0345,0.3333,0.0417,0.0616,0.0975,0.0837,0.0039,0.0002,reg oper spec account,block of flats,0.0857,""Stone, brick"",No,1.0,1.0,1.0,1.0,-1547.0,0,1,0,0,0,0,0,0,0,0,0,0,0,0,0,0,0,0,0,0,0.0,0.0,0.0,1.0,0.0,4.0,18.0,5006331.0,1651888.845,0.0,0.0,-1134.2777777777778,2858.072142857143,7.0,11.0,0.3299599736813247,0.0,0.3888888888888889,9.0,170786.5,206157.5,20504.102142857144,15567.75,0.100432093829135,21.428571428571427,-712.7777777777778,4.0,3.0,0.4444444444444444,46.0,-1.4565217391304348,7.0,0.43478260869565216,3580.5717391304347,164706.3,0.34782608695652173,1354512.105,1189805.805,0.8784017511604298,0"
Cash loans,F,N,N,0,67500.0,298728.0,15381.0,202500.0,Family,Pensioner,Secondary / secondary special,Single / not married,Municipal apartment,0.019101,-21621,365243,-2019.0,-1344,0.0,1,0,0,1,0,0,0,1.0,2,2,MONDAY,9,0,0,0,0,0,0,XNA,0.0,0.6227082733555896,0.1694287272664794,0.0,0.0,0.0,0.0,0.0,0.0,0.0,0.0,0.0,0.0,0.0,0.0,0.0,0.0,0.0,0.0,0.0,0.0,0.0,0.0,0.0,0.0,0.0,0.0,0.0,0.0,0.0,0.0,0.0,0.0,0.0,0.0,0.0,0.0,0.0,0.0,0.0,0.0,0.0,0.0,0.0,0.0,0,0,0.0,0,0,0.0,0.0,0.0,0.0,0.0,0,1,0,0,0,0,0,0,0,0,0,0,0,0,0,0,0,0,0,0,0.0,0.0,0.0,0.0,0.0,0.0,2.0,162000.0,95413.5,0.0,0.0,-424.0,4653.0,2.0,0.0,0.5889722222222222,0.0,1.0,1.0,47607.48,47605.5,2144.61,1.98,4.529540315933546e-05,24.0,-613.0,1.0,0.0,1.0,25.0,-11.92,28.0,0.24,343.1376,8578.44,0.32,59996.115000000005,51417.675,0.8570167418340338,0
Revolving loans,M,N,Y,0,81000.0,247500.0,12375.0,247500.0,Unaccompanied,Working,Secondary / secondary special,Married,House / apartment,0.031329,-18248,-2351,-4375.0,-1721,0.0,1,1,1,1,1,0,Security staff,2.0,2,2,WEDNESDAY,14,0,0,0,0,1,1,Security,0.2377197192577024,0.6091352920795285,0.5136937663039473,0.1227,0.1572,0.9886,0.8436,0.0029,0.0,0.3448,0.1667,0.2083,0.0554,0.0992,0.1177,0.0039,0.0052,0.125,0.1631,0.9886,0.8497,0.0029,0.0,0.3448,0.1667,0.2083,0.0566,0.1084,0.1226,0.0039,0.0055,0.1239,0.1572,0.9886,0.8457,0.0029,0.0,0.3448,0.1667,0.2083,0.0563,0.1009,0.1198,0.0039,0.0053,org spec account,block of flats,0.0926,Panel,No,2.0,0.0,2.0,0.0,-167.0,0,0,0,0,0,0,0,0,0,0,0,0,0,0,0,0,0,0,0,0,0.0,0.0,0.0,0.0,0.0,0.0,5.0,1151753.94,799038.0,0.0,0.0,-1498.0,0.0,1.0,4.0,0.69375755727825,0.0,0.2,1.0,82152.0,81742.5,7761.465,8217.0,0.0994787654444499,12.0,-167.0,1.0,0.0,1.0,5.0,-8.2,-4.0,0.0,0.0,0.0,0.0,38807.325,38807.325,1.0,0
Cash loans,M,Y,Y,1,360000.0,640458.0,27265.5,517500.0,Unaccompanied,Working,Secondary / secondary special,Separated,House / apartment,0.00733,-14186,-1743,-2128.0,-4982,10.0,1,1,0,1,0,0,Laborers,2.0,2,2,MONDAY,11,0,1,1,0,1,1,Transport: type 4,0.0,0.2567370429595146,0.7076993447402619,0.0,0.0,0.0,0.0,0.0,0.0,0.0,0.0,0.0,0.0,0.0,0.0,0.0,0.0,0.0,0.0,0.0,0.0,0.0,0.0,0.0,0.0,0.0,0.0,0.0,0.0,0.0,0.0,0.0,0.0,0.0,0.0,0.0,0.0,0.0,0.0,0.0,0.0,0.0,0.0,0.0,0.0,0,0,0.0,0,0,0.0,0.0,0.0,0.0,-112.0,0,1,0,0,0,0,0,0,0,0,0,0,0,0,0,0,0,0,0,0,0.0,0.0,0.0,0.0,1.0,3.0,4.0,6249325.5,3152259.0,0.0,0.0,-1204.25,40486.5,2.0,2.0,0.5044158765613985,0.0,0.5,7.0,145163.025,138802.5,18007.6125,15768.135,0.09505424023334474,11.0,-715.8571428571429,6.0,0.0,0.8571428571428571,57.0,-8.140350877192983,2.0,0.03508771929824561,605.2910526315789,34501.59,0.07017543859649122,1063063.6199999999,1028562.03,0.9675451314945762,0
"Cash loans,M,Y,Y,0,540000.0,1227901.5,46899.0,1129500.0,Unaccompanied,Working,Higher education,Widow,House / apartment,0.032561,-20544,-2091,-6846.0,-566,2.0,1,1,1,1,0,0,Managers,1.0,1,1,TUESDAY,14,0,0,0,0,0,0,Business Entity Type 3,0.0,0.6535972121081295,0.3392876999089139,0.0256,0.0,0.9354,0.116,0.0076,0.0,0.1172,0.1,0.1417,0.0664,0.0202,0.0305,0.0039,0.0084,0.0063,0.0,0.9136,0.0,0.0006,0.0,0.069,0.0833,0.125,0.0819,0.0055,0.0072,0.0,0.0,0.0104,0.0,0.9136,0.0,0.0015,0.0,0.069,0.0833,0.125,0.0815,0.0086,0.0069999999999999,0.0039,0.0013,reg oper account,block of flats,0.0058,""Stone, brick"",No,0.0,0.0,0.0,0.0,-1377.0,0,0,0,0,0,0,1,0,0,0,0,0,0,0,0,0,0,0,0,0,0.0,0.0,0.0,0.0,0.0,0.0,6.0,8758800.0,2249635.5,0.0,0.0,-1523.1666666666667,0.0,3.0,3.0,0.25684288943690914,0.0,0.5,2.0,149765.445,133715.25,13564.5975,23135.445,0.15823308673241582,13.0,-831.5,2.0,0.0,1.0,19.0,-14.473684210526315,16.0,0.10526315789473684,1460.9747368421056,27758.520000000004,0.21052631578947367,356461.245,328702.72500000003,0.9221275232879805,0"
"Cash loans,F,N,Y,0,180000.0,1663987.5,86989.5,1588500.0,Family,Commercial associate,Secondary / secondary special,Married,House / apartment,0.018801,-20121,-2446,-6755.0,-2177,0.0,1,1,0,1,0,0,Accountants,2.0,2,2,MONDAY,12,0,0,0,0,0,0,Industry: type 11,0.0,0.5706663563799912,0.6971469077844458,0.0876,0.0496,0.9841,0.7824,0.0096,0.04,0.0345,0.4583,0.5,0.0208,0.0698,0.0767,0.0077,0.021,0.0893,0.0515,0.9841,0.7909,0.0097,0.0403,0.0345,0.4583,0.5,0.0213,0.0762,0.0799,0.0078,0.0222,0.0885,0.0496,0.9841,0.7853,0.0097,0.04,0.0345,0.4583,0.5,0.0212,0.071,0.0781,0.0078,0.0214,reg oper spec account,block of flats,0.0701,""Stone, brick"",No,0.0,0.0,0.0,0.0,-1572.0,0,1,0,0,0,0,0,0,0,0,0,0,0,0,0,0,0,0,0,0,0.0,0.0,0.0,2.0,0.0,1.0,4.0,598059.0,0.0,0.0,0.0,-1594.25,0.0,0.0,4.0,0.0,0.0,0.0,2.0,408946.5,420707.25,35193.51,0.0,0.0,18.0,-1312.5,2.0,0.0,1.0,30.0,-10.066666666666666,-1.0,0.0,0.0,0.0,0.0,963748.8,963748.8,1.0,0"
Cash loans,M,N,N,0,180000.0,1080000.0,44118.0,1080000.0,Unaccompanied,Working,Incomplete higher,Single / not married,With parents,0.010006,-7907,-1324,-4557.0,-586,0.0,1,1,0,1,0,1,Sales staff,1.0,2,1,TUESDAY,9,0,0,0,0,0,0,Trade: type 2,0.0,0.0265407750366898,0.434733248750173,0.0928,0.0955,0.9856,0.8028,0.013,0.0,0.2069,0.1667,0.2083,0.1147,0.0756,0.0913,0.0,0.0,0.0945,0.0991,0.9856,0.8105,0.0131,0.0,0.2069,0.1667,0.2083,0.1173,0.0826,0.0951,0.0,0.0,0.0937,0.0955,0.9856,0.8054,0.0131,0.0,0.2069,0.1667,0.2083,0.1167,0.077,0.0929,0.0,0.0,reg oper account,block of flats,0.0804,Panel,No,0.0,0.0,0.0,0.0,-725.0,0,0,0,0,0,0,0,0,0,0,0,0,0,0,0,0,0,0,0,0,0.0,0.0,0.0,0.0,0.0,4.0,2.0,314716.5,0.0,0.0,0.0,-562.0,11250.0,0.0,2.0,0.0,0.0,0.0,10.0,224774.55,219881.7,28754.265,15149.25,0.10711663994744824,12.0,-385.9,3.0,2.0,0.3,15.0,-2.1333333333333333,29.0,0.26666666666666666,-2586.651,-38799.765,0.26666666666666666,266151.825,304951.59,1.145780570920376,0
"Cash loans,M,Y,Y,0,324000.0,1130760.0,40189.5,810000.0,Unaccompanied,Pensioner,Higher education,Civil marriage,House / apartment,0.01885,-22843,365243,-1042.0,-3967,10.0,1,0,0,1,0,0,0,2.0,2,2,THURSDAY,9,0,0,0,0,0,0,XNA,0.0,0.7330511930996613,0.2340151665320674,0.1928,0.2309,0.9955,0.0,0.0,0.16,0.1379,0.6667,0.0,0.1427,0.0,0.2818,0.0,0.1341,0.1964,0.2396,0.9955,0.0,0.0,0.1611,0.1379,0.6667,0.0,0.1459,0.0,0.2936,0.0,0.142,0.1947,0.2309,0.9955,0.0,0.0,0.16,0.1379,0.6667,0.0,0.1452,0.0,0.2869,0.0,0.1369,0,block of flats,0.2522,""Stone, brick"",No,0.0,0.0,0.0,0.0,-2385.0,0,1,0,0,0,0,0,0,0,0,0,0,0,0,0,0,0,0,0,0,0.0,0.0,0.0,0.0,1.0,1.0,4.0,2176983.0,1537123.5,0.0,0.0,-877.0,0.0,3.0,1.0,0.7060796983715537,0.0,0.75,9.0,329848.0,337668.5,35039.10857142857,33255.0,0.10665392987951576,17.142857142857142,-1407.3333333333333,4.0,3.0,0.4444444444444444,87.0,-3.942528735632184,10.0,0.27586206896551724,5167.475172413792,449570.33999999997,0.25287356321839083,3187043.235,2737472.895,0.8589381107031013,0"
Cash loans,F,N,N,0,112500.0,95940.0,10462.5,90000.0,Family,Working,Higher education,Single / not married,House / apartment,0.00496,-12240,-3720,-5246.0,-4541,0.0,1,1,0,1,0,0,0,1.0,2,2,MONDAY,14,0,0,0,0,0,0,University,0.2996061411205129,0.6645439411246608,0.4920600938649263,0.0,0.0,0.0,0.0,0.0,0.0,0.0,0.0,0.0,0.0,0.0,0.0,0.0,0.0,0.0,0.0,0.0,0.0,0.0,0.0,0.0,0.0,0.0,0.0,0.0,0.0,0.0,0.0,0.0,0.0,0.0,0.0,0.0,0.0,0.0,0.0,0.0,0.0,0.0,0.0,0.0,0.0,0,0,0.0,0,0,0.0,0.0,0.0,0.0,-280.0,0,1,0,0,0,0,0,0,0,0,0,0,0,0,0,0,0,0,0,0,0.0,0.0,0.0,0.0,0.0,5.0,4.0,991566.0,547785.0,0.0,0.0,-872.0,0.0,4.0,0.0,0.55244431535571,0.0,1.0,7.0,95007.85714285714,105107.14285714286,22020.48,0.0,0.0,4.8,-438.7142857142857,4.0,2.0,0.5714285714285714,39.0,-5.6923076923076925,1.0,0.02564102564102564,0.0,0.0,0.0,926236.575,926236.575,1.0,0
Cash loans,M,Y,N,0,180000.0,315000.0,9679.5,315000.0,0,Commercial associate,Secondary / secondary special,Married,House / apartment,0.028663,-13866,-2546,-5448.0,-4097,1.0,1,1,0,1,0,0,Drivers,2.0,2,2,MONDAY,12,0,0,0,0,0,0,Transport: type 3,0.0,0.5848873555356944,0.0950703958413326,0.0124,0.0,0.9677,0.5579999999999999,0.0013,0.0,0.069,0.0417,0.0417,0.0489,0.0101,0.01,0.0,0.0,0.0126,0.0,0.9677,0.5753,0.0013,0.0,0.069,0.0417,0.0417,0.05,0.011,0.0105,0.0,0.0,0.0125,0.0,0.9677,0.5639,0.0013,0.0,0.069,0.0417,0.0417,0.0498,0.0103,0.0102,0.0,0.0,reg oper account,block of flats,0.0079,Block,No,0.0,0.0,0.0,0.0,-3.0,0,0,0,0,0,0,1,0,0,0,0,0,0,0,0,0,0,0,0,0,0.0,0.0,0.0,0.0,0.0,0.0,3.0,3296057.58,2610859.995,0.0,0.0,-244.33333333333334,61470.0,3.0,0.0,0.7921160148543279,0.0,1.0,0.0,0.0,0.0,0.0,0.0,0.0,0.0,0.0,0.0,0.0,0.0,0.0,0.0,0.0,0.0,0.0,0.0,0.0,0.0,0.0,0.0,0
Cash loans,M,N,Y,0,180000.0,1256400.0,40657.5,900000.0,Unaccompanied,Commercial associate,Secondary / secondary special,Single / not married,House / apartment,0.072508,-12049,-579,-6105.0,-1,0.0,1,1,0,1,0,0,Core staff,1.0,1,1,WEDNESDAY,12,0,0,0,0,0,0,Police,0.2867830789116058,0.6473478219828046,0.5620604831738043,0.1433,0.0993,0.9811,0.7416,0.0,0.16,0.1379,0.3333,0.375,0.0,0.1168,0.1367,0.0,0.0207,0.146,0.103,0.9811,0.7517,0.0,0.1611,0.1379,0.3333,0.375,0.0,0.1276,0.1425,0.0,0.0219,0.1447,0.0993,0.9811,0.7451,0.0,0.16,0.1379,0.3333,0.375,0.0,0.1189,0.1392,0.0,0.0211,reg oper account,block of flats,0.1114,Panel,No,4.0,0.0,4.0,0.0,-295.0,0,1,0,0,0,0,0,0,0,0,0,0,0,0,0,0,0,0,0,0,0.0,0.0,0.0,0.0,0.0,8.0,4.0,687456.0,257926.5,0.0,0.0,-824.25,0.0,1.0,3.0,0.3751898303309594,0.0,0.25,26.0,59380.61538461538,66984.92307692308,21123.243000000002,5890.5,0.1089257334963324,14.0,-330.15384615384613,4.0,12.0,0.15384615384615385,12.0,2.8333333333333335,30.0,0.25,3775.32,45303.840000000004,0.5,396686.745,351382.90499999997,0.8857944194732293,0
Cash loans,F,Y,Y,0,180000.0,1035000.0,43983.0,1035000.0,Unaccompanied,State servant,Higher education,Married,House / apartment,0.028663,-19550,-4856,-6836.0,-3084,21.0,1,1,0,1,0,0,Core staff,2.0,2,2,TUESDAY,9,0,0,0,0,0,0,Government,0.7961611232881004,0.5172704004425673,0.4294236843421945,0.0,0.0,0.0,0.0,0.0,0.0,0.0,0.0,0.0,0.0,0.0,0.0,0.0,0.0,0.0,0.0,0.0,0.0,0.0,0.0,0.0,0.0,0.0,0.0,0.0,0.0,0.0,0.0,0.0,0.0,0.0,0.0,0.0,0.0,0.0,0.0,0.0,0.0,0.0,0.0,0.0,0.0,0,0,0.0,0,0,0.0,0.0,0.0,0.0,-1594.0,0,1,0,0,0,0,0,0,0,0,0,0,0,0,0,0,0,0,0,0,0.0,0.0,0.0,0.0,0.0,3.0,3.0,1143000.0,537165.0,0.0,0.0,-1169.3333333333333,54000.0,1.0,2.0,0.46996062992125986,0.0,0.3333333333333333,11.0,403363.63636363635,422988.13636363635,24960.538125,0.0,0.0,37.0,-612.7272727272727,4.0,4.0,0.36363636363636365,126.0,-2.5952380952380953,3.0,0.11904761904761904,0.0,0.0,0.0,2509641.675,2509641.675,1.0,0
Revolving loans,M,N,Y,0,225000.0,270000.0,13500.0,270000.0,Unaccompanied,Working,Secondary / secondary special,Separated,Municipal apartment,0.00733,-15359,-114,-5076.0,-2922,0.0,1,1,0,1,0,0,Laborers,1.0,2,2,THURSDAY,9,0,0,0,0,1,1,Construction,0.202477374074608,0.5619229565929612,0.4135967602644276,0.0,0.0,0.0,0.0,0.0,0.0,0.0,0.0,0.0,0.0,0.0,0.0,0.0,0.0,0.0,0.0,0.0,0.0,0.0,0.0,0.0,0.0,0.0,0.0,0.0,0.0,0.0,0.0,0.0,0.0,0.0,0.0,0.0,0.0,0.0,0.0,0.0,0.0,0.0,0.0,0.0,0.0,0,0,0.0,0,0,0.0,0.0,0.0,0.0,-662.0,0,0,0,0,0,0,0,0,0,0,0,0,0,0,0,0,0,0,0,0,0.0,0.0,0.0,1.0,0.0,0.0,1.0,60781.5,0.0,0.0,0.0,-553.0,0.0,0.0,1.0,0.0,0.0,0.0,3.0,82402.5,77365.5,10568.595,23397.75,0.3033577750677471,10.0,-625.6666666666666,1.0,2.0,0.3333333333333333,5.0,-9.8,-2.0,0.0,-7200.8279999999995,-36004.14,0.0,58355.415,94359.555,1.616980275095293,0
Revolving loans,F,N,N,1,157500.0,450000.0,22500.0,450000.0,Unaccompanied,Commercial associate,Secondary / secondary special,Civil marriage,House / apartment,0.010966,-11956,-3154,-8118.0,-4143,0.0,1,1,0,1,0,0,Sales staff,3.0,2,2,SUNDAY,10,0,0,0,0,0,0,Kindergarten,0.4115064104251909,0.1238882922844139,0.8327850252992314,0.2175,0.1455,0.9891,0.8504,0.0443,0.24,0.2069,0.3333,0.375,0.1343,0.1774,0.2129,0.0,0.0039,0.2216,0.1509,0.9891,0.8563,0.0447,0.2417,0.2069,0.3333,0.375,0.1373,0.1938,0.2218,0.0,0.0041,0.2196,0.1455,0.9891,0.8524,0.0445,0.24,0.2069,0.3333,0.375,0.1366,0.1804,0.2167,0.0,0.004,reg oper spec account,block of flats,0.1925,Panel,No,0.0,0.0,0.0,0.0,-1711.0,0,0,0,0,0,0,0,0,0,0,0,0,0,0,0,0,0,0,0,0,0.0,0.0,0.0,0.0,0.0,5.0,1.0,30150.0,0.0,0.0,0.0,-1802.0,0.0,0.0,1.0,0.0,0.0,0.0,7.0,155487.85714285713,175481.35714285713,16550.325,1545.75,0.0521324870781392,24.0,-725.7142857142857,4.0,0.0,0.5714285714285714,63.0,-1.6825396825396826,4.0,0.09523809523809523,0.0,0.0,0.0,1168353.9449999998,1168353.9449999998,1.0,0
"Cash loans,M,Y,N,0,180000.0,450000.0,21109.5,450000.0,Unaccompanied,Commercial associate,Secondary / secondary special,Civil marriage,House / apartment,0.0145199999999999,-10848,-121,-4809.0,-3494,20.0,1,1,0,1,0,0,Laborers,2.0,2,2,SATURDAY,9,0,0,0,0,0,0,Other,0.0,0.6454384930609306,0.0,0.067,0.0,0.9752,0.66,0.0068,0.0,0.1379,0.1667,0.2083,0.0483,0.0538,0.0506,0.0039,0.0465,0.0683,0.0,0.9752,0.6733,0.0069,0.0,0.1379,0.1667,0.2083,0.0494,0.0588,0.0528,0.0039,0.0492,0.0677,0.0,0.9752,0.6645,0.0069,0.0,0.1379,0.1667,0.2083,0.0491,0.0547,0.0516,0.0039,0.0475,reg oper account,block of flats,0.0436,""Stone, brick"",No,1.0,0.0,1.0,0.0,-2519.0,0,0,0,0,0,0,1,0,0,0,0,0,0,0,0,0,0,0,0,0,0.0,0.0,0.0,0.0,0.0,0.0,0.0,0.0,0.0,0.0,0.0,0.0,0.0,0.0,0.0,0.0,0.0,0.0,1.0,46755.0,45544.5,6075.63,4680.0,0.1014832493015451,10.0,-2519.0,1.0,0.0,1.0,10.0,-10.3,1.0,0.1,0.0,0.0,0.0,60734.115,60734.115,1.0,0"
Cash loans,M,N,N,2,180000.0,450000.0,21109.5,450000.0,Unaccompanied,Commercial associate,Higher education,Married,House / apartment,0.01885,-12009,-2844,-1377.0,-3656,0.0,1,1,1,1,1,0,Laborers,4.0,2,2,MONDAY,12,0,0,0,0,0,0,Business Entity Type 3,0.3577065472620613,0.6865047975453018,0.3944954053123993,0.0722,0.0487,0.9826,0.762,0.0085,0.0,0.1379,0.1667,0.2083,0.0176,0.0588,0.0505,0.0,0.0,0.0735,0.0505,0.9826,0.7713,0.0086,0.0,0.1379,0.1667,0.2083,0.018,0.0643,0.0526,0.0,0.0,0.0729,0.0487,0.9826,0.7652,0.0086,0.0,0.1379,0.1667,0.2083,0.0179,0.0599,0.0514,0.0,0.0,reg oper spec account,block of flats,0.0444,Panel,No,0.0,0.0,0.0,0.0,-1003.0,0,1,0,0,0,0,0,0,0,0,0,0,0,0,0,0,0,0,0,0,0.0,0.0,0.0,1.0,0.0,2.0,17.0,10393996.41,2384752.41,0.0,0.0,-1133.4117647058824,0.0,5.0,12.0,0.2294355622160543,0.0,0.29411764705882354,15.0,523975.2,548873.4,22021.44576923077,22662.0,0.15943527382905254,35.38461538461539,-1138.6666666666667,4.0,9.0,0.26666666666666666,121.0,-0.4214876033057851,231.0,0.049586776859504134,18.997438016528925,2298.69,0.049586776859504134,789404.805,787106.115,0.9970880719430127,0
"Cash loans,M,Y,Y,0,103500.0,573628.5,24435.0,463500.0,Unaccompanied,Working,Secondary / secondary special,Married,House / apartment,0.0096569999999999,-15406,-892,-341.0,-4176,22.0,1,1,0,1,0,0,Laborers,2.0,2,2,MONDAY,18,0,0,0,0,0,0,Business Entity Type 3,0.2707661633733818,0.7071263161734994,0.5971924268337128,0.1464,0.1291,0.9861,0.8096,0.108,0.04,0.0345,0.3333,0.375,0.0,0.1194,0.0933,0.0,0.0,0.1492,0.134,0.9861,0.8171,0.109,0.0403,0.0345,0.3333,0.375,0.0,0.1304,0.0972,0.0,0.0,0.1478,0.1291,0.9861,0.8121,0.1087,0.04,0.0345,0.3333,0.375,0.0,0.1214,0.0949,0.0,0.0,reg oper account,block of flats,0.1324,""Stone, brick"",No,2.0,1.0,2.0,1.0,-2053.0,0,1,0,0,0,0,0,0,0,0,0,0,0,0,0,0,0,0,0,0,0.0,0.0,0.0,0.0,0.0,3.0,2.0,3237880.5,1756003.5,0.0,0.0,-1229.0,0.0,1.0,1.0,0.5423311638585797,0.0,0.5,3.0,68560.5,104206.5,7487.22,7231.5,0.1527464732858344,11.333333333333334,-1216.3333333333333,3.0,0.0,1.0,35.0,-13.028571428571428,3.0,0.02857142857142857,340.43142857142857,11915.1,0.05714285714285714,358133.895,346218.795,0.9667300410088243,0"
Cash loans,M,N,Y,2,225000.0,495351.0,26140.5,459000.0,Unaccompanied,Working,Secondary / secondary special,Separated,House / apartment,0.02461,-14860,-1156,-23.0,-1072,0.0,1,1,0,1,0,0,Laborers,3.0,2,2,FRIDAY,10,0,0,0,0,0,0,Business Entity Type 3,0.0,0.5705270507243844,0.6940926425266661,0.0165,0.0,0.9727,0.626,0.0,0.0,0.069,0.0417,0.0,0.0249,0.0,0.011,0.0,0.0,0.0168,0.0,0.9727,0.6406,0.0,0.0,0.069,0.0417,0.0,0.0255,0.0,0.0114,0.0,0.0,0.0167,0.0,0.9727,0.631,0.0,0.0,0.069,0.0417,0.0,0.0254,0.0,0.0112,0.0,0.0,0,block of flats,0.0093,Block,No,1.0,0.0,1.0,0.0,-1475.0,0,1,0,0,0,0,0,0,0,0,0,0,0,0,1,0,0,0,0,0,0.0,0.0,0.0,0.0,1.0,0.0,1.0,98100.0,0.0,0.0,0.0,-2152.0,0.0,0.0,1.0,0.0,0.0,0.0,7.0,112692.85714285714,137627.35714285713,12936.761999999999,9091.125,0.14803651135331233,18.0,-838.4285714285714,3.0,2.0,0.42857142857142855,27.0,-9.851851851851851,6.0,0.25925925925925924,2379.471666666667,64245.735,0.2962962962962963,374328.18,310082.445,0.8283705624300046,0
Cash loans,M,N,Y,1,157500.0,755190.0,28894.5,675000.0,Unaccompanied,Working,Secondary / secondary special,Married,House / apartment,0.016612,-11187,-2224,-3253.0,-3723,0.0,1,1,1,1,0,0,Drivers,3.0,2,2,WEDNESDAY,12,0,0,0,0,0,0,Business Entity Type 1,0.0,0.3687189849837431,0.3589512285783967,0.0,0.0,0.0,0.0,0.0,0.0,0.0,0.0,0.0,0.0,0.0,0.0,0.0,0.0,0.0,0.0,0.0,0.0,0.0,0.0,0.0,0.0,0.0,0.0,0.0,0.0,0.0,0.0,0.0,0.0,0.0,0.0,0.0,0.0,0.0,0.0,0.0,0.0,0.0,0.0,0.0,0.0,0,0,0.0,0,0,7.0,0.0,7.0,0.0,-1175.0,0,1,0,0,0,0,0,0,0,0,0,0,0,0,1,0,0,0,0,0,0.0,0.0,0.0,0.0,0.0,0.0,4.0,1427197.5,697500.0,0.0,0.0,-976.5,0.0,2.0,2.0,0.4887200264854724,0.0,0.5,3.0,62527.5,64732.5,9079.155,3375.0,0.1285315785709176,12.0,-681.6666666666666,1.0,2.0,0.3333333333333333,6.0,-10.666666666666666,-8.0,0.0,0.0,0.0,0.0,27297.54,27297.54,1.0,0
Cash loans,F,N,Y,1,135000.0,675000.0,21775.5,675000.0,Unaccompanied,Commercial associate,Higher education,Widow,House / apartment,0.019101,-14264,-2492,-4327.0,-4517,0.0,1,1,0,1,0,0,Laborers,2.0,2,2,THURSDAY,12,0,0,0,0,0,0,Self-employed,0.0,0.5698732368655826,0.1986200451074864,0.0,0.0,0.0,0.0,0.0,0.0,0.0,0.0,0.0,0.0,0.0,0.0,0.0,0.0,0.0,0.0,0.0,0.0,0.0,0.0,0.0,0.0,0.0,0.0,0.0,0.0,0.0,0.0,0.0,0.0,0.0,0.0,0.0,0.0,0.0,0.0,0.0,0.0,0.0,0.0,0.0,0.0,0,0,0.0,0,0,0.0,0.0,0.0,0.0,-1597.0,0,1,0,0,0,0,0,0,0,0,0,0,0,0,0,0,0,0,0,0,0.0,0.0,0.0,1.0,4.0,2.0,6.0,1077934.95,404028.0,0.0,0.0,-839.8333333333334,0.0,4.0,2.0,0.3748166807282759,0.0,0.6666666666666666,7.0,110844.06428571428,126401.20714285714,11150.159999999998,1800.0,0.0789339307186743,21.333333333333332,-844.4285714285714,1.0,1.0,0.14285714285714285,92.0,-1.2065217391304348,29.0,0.21739130434782608,0.0,0.0,0.0,308169.09,308169.09,1.0,0
Cash loans,F,N,Y,1,202500.0,1288350.0,37800.0,1125000.0,Unaccompanied,Working,Secondary / secondary special,Married,House / apartment,0.003069,-17542,-2011,-1529.0,-988,0.0,1,1,0,1,0,0,Cooking staff,3.0,3,3,FRIDAY,11,0,0,0,0,0,0,Self-employed,0.0,0.5720641471414096,0.191821602413606,0.0,0.0,0.0,0.0,0.0,0.0,0.0,0.0,0.0,0.0,0.0,0.0,0.0,0.0,0.0,0.0,0.0,0.0,0.0,0.0,0.0,0.0,0.0,0.0,0.0,0.0,0.0,0.0,0.0,0.0,0.0,0.0,0.0,0.0,0.0,0.0,0.0,0.0,0.0,0.0,0.0,0.0,0,0,0.0,0,0,2.0,1.0,2.0,1.0,-1230.0,0,1,0,0,0,0,0,0,0,0,0,0,0,0,0,0,0,0,0,0,0.0,0.0,0.0,0.0,0.0,3.0,6.0,677005.515,285748.515,0.0,0.0,-399.0,0.0,3.0,3.0,0.4220770860337822,0.0,0.5,5.0,105360.3,105367.5,12098.367,21720.0,0.1452121212121212,13.6,-784.6,5.0,0.0,1.0,45.0,-8.622222222222222,8.0,0.044444444444444446,369.609,16632.405,0.044444444444444446,714293.865,697661.46,0.9767148987062908,0
Revolving loans,F,N,N,0,112500.0,135000.0,6750.0,135000.0,Unaccompanied,Commercial associate,Higher education,Married,House / apartment,0.0228,-19467,-4066,-4623.0,-2975,0.0,1,1,0,1,0,0,0,2.0,2,2,THURSDAY,15,0,0,0,0,0,0,School,0.0,0.5851740300889305,0.4083588531230431,0.0,0.0,0.0,0.0,0.0,0.0,0.0,0.0,0.0,0.0,0.0,0.0,0.0,0.0,0.0,0.0,0.0,0.0,0.0,0.0,0.0,0.0,0.0,0.0,0.0,0.0,0.0,0.0,0.0,0.0,0.0,0.0,0.0,0.0,0.0,0.0,0.0,0.0,0.0,0.0,0.0,0.0,0,0,0.0,0,0,0.0,0.0,0.0,0.0,-1537.0,0,0,0,0,0,0,0,0,0,0,0,0,0,0,0,0,0,0,0,0,0.0,0.0,0.0,0.0,0.0,2.0,5.0,1777500.0,403969.5,0.0,0.0,-1408.2,0.0,2.0,3.0,0.22726835443037974,0.0,0.4,2.0,346950.0,376677.0,20467.62,15390.0,0.1089090909090909,26.0,-978.0,2.0,0.0,1.0,23.0,-12.869565217391305,-5.0,0.0,0.0,0.0,0.0,485965.62,485965.62,1.0,0
Cash loans,M,N,Y,0,135000.0,337761.0,15781.5,256500.0,Unaccompanied,Working,Secondary / secondary special,Civil marriage,House / apartment,0.025164,-9666,-2811,-4437.0,-2342,0.0,1,1,0,1,1,0,Laborers,2.0,2,2,TUESDAY,12,0,0,0,0,0,0,Self-employed,0.0,0.5500579930157645,0.5352762504724826,0.0722,0.0752,0.6508,0.6736,0.008,0.0,0.1379,0.1667,0.2083,0.0671,0.0664,0.0639,0.0039,0.0029,0.063,0.0653,0.0,0.6864,0.0081,0.0,0.1379,0.1667,0.2083,0.0581,0.0725,0.0555,0.0039,0.0031,0.0729,0.08,0.9762,0.6779999999999999,0.0081,0.0,0.1379,0.1667,0.2083,0.0659,0.0676,0.0701,0.0039,0.003,reg oper account,block of flats,0.0472,Panel,No,2.0,0.0,2.0,0.0,-92.0,0,1,0,0,0,0,0,0,0,0,0,0,0,0,0,0,0,0,0,0,0.0,0.0,0.0,0.0,0.0,3.0,1.0,116545.5,0.0,0.0,0.0,-599.0,0.0,0.0,1.0,0.0,0.0,0.0,4.0,192037.5,230500.125,17484.78,36000.0,0.2838021912940479,25.333333333333332,-786.25,2.0,1.0,0.5,13.0,-14.23076923076923,13.0,0.23076923076923078,3151.7203846153843,40972.365,0.46153846153846156,177496.515,136524.15,0.7691652424837748,0
Cash loans,F,N,Y,1,94500.0,585000.0,28273.5,585000.0,Unaccompanied,Working,Secondary / secondary special,Married,House / apartment,0.028663,-18253,-721,-1701.0,-1779,0.0,1,1,0,1,1,0,Core staff,3.0,2,2,TUESDAY,16,0,0,0,0,0,0,Postal,0.5927009939219194,0.4885999153777029,0.0,0.0,0.0,0.0,0.0,0.0,0.0,0.0,0.0,0.0,0.0,0.0,0.0,0.0,0.0,0.0,0.0,0.0,0.0,0.0,0.0,0.0,0.0,0.0,0.0,0.0,0.0,0.0,0.0,0.0,0.0,0.0,0.0,0.0,0.0,0.0,0.0,0.0,0.0,0.0,0.0,0.0,0.0,0,0,0.0,0,0,0.0,0.0,0.0,0.0,0.0,0,1,0,0,0,0,0,0,0,0,0,0,0,0,0,0,0,0,0,0,0.0,0.0,0.0,0.0,0.0,3.0,1.0,90000.0,0.0,0.0,0.0,-557.0,0.0,0.0,1.0,0.0,0.0,0.0,10.0,151535.7,168321.15,10922.207142857142,3634.714285714286,0.0708671489349643,18.0,-1191.0,7.0,0.0,0.7,59.0,-14.457627118644067,3.0,0.03389830508474576,138.5458474576271,8174.205,0.03389830508474576,448163.73,439989.525,0.9817606726006142,0
"Cash loans,F,N,Y,0,108000.0,113760.0,5301.0,90000.0,Unaccompanied,Pensioner,Higher education,Single / not married,House / apartment,0.030755,-22935,365243,-12623.0,-3442,0.0,1,0,0,1,0,0,0,1.0,2,2,THURSDAY,10,0,0,0,0,0,0,XNA,0.0,0.5827354769124312,0.4525335592581747,0.1474,0.0669,0.9578,0.0,0.0,0.0,0.3103,0.2083,0.0,0.0663,0.0,0.1648,0.0,0.0427,0.1502,0.0694,0.9578,0.0,0.0,0.0,0.3103,0.2083,0.0,0.0679,0.0,0.1717,0.0,0.0452,0.1489,0.0669,0.9578,0.0,0.0,0.0,0.3103,0.2083,0.0,0.0675,0.0,0.1678,0.0,0.0436,0,block of flats,0.1584,""Stone, brick"",No,3.0,0.0,3.0,0.0,-260.0,0,1,0,0,0,0,0,0,0,0,0,0,0,0,0,0,0,0,0,0,0.0,0.0,0.0,0.0,0.0,0.0,4.0,855000.0,611335.575,0.0,0.0,-527.25,0.0,3.0,1.0,0.7150123684210525,0.0,0.75,1.0,87205.5,69763.5,4966.47,17442.0,0.2178294217264236,16.0,-260.0,1.0,0.0,1.0,6.0,-56.166666666666664,-30.0,0.0,0.0,0.0,0.0,29798.82,29798.82,1.0,0"
Revolving loans,F,N,Y,2,67500.0,135000.0,6750.0,135000.0,Unaccompanied,Working,Secondary / secondary special,Married,House / apartment,0.020246,-18693,-1434,-10255.0,-2241,0.0,1,1,0,1,1,0,Sales staff,4.0,3,3,THURSDAY,8,0,0,0,0,0,0,Trade: type 7,0.5866975916234531,0.3045061145430549,0.0,0.0,0.0,0.0,0.0,0.0,0.0,0.0,0.0,0.0,0.0,0.0,0.0,0.0,0.0,0.0,0.0,0.0,0.0,0.0,0.0,0.0,0.0,0.0,0.0,0.0,0.0,0.0,0.0,0.0,0.0,0.0,0.0,0.0,0.0,0.0,0.0,0.0,0.0,0.0,0.0,0.0,0.0,0,0,0.0,0,0,0.0,0.0,0.0,0.0,-1040.0,0,0,0,0,0,0,0,0,0,0,0,0,0,0,0,0,0,0,0,0,0.0,0.0,0.0,0.0,0.0,0.0,0.0,0.0,0.0,0.0,0.0,0.0,0.0,0.0,0.0,0.0,0.0,0.0,3.0,33685.5,33685.5,5290.695,0.0,0.0,10.0,-533.6666666666666,1.0,1.0,0.3333333333333333,6.0,-25.833333333333332,-5.0,0.0,0.0,0.0,0.0,52010.595,52010.595,1.0,0
Cash loans,F,N,Y,0,81000.0,252000.0,14593.5,252000.0,Unaccompanied,Pensioner,Secondary / secondary special,Married,House / apartment,0.028663,-24794,365243,-5391.0,-4199,0.0,1,0,0,1,0,0,0,2.0,2,2,THURSDAY,10,0,0,0,0,0,0,XNA,0.0,0.0239523667712844,0.7209441499436497,0.0,0.0,0.0,0.0,0.0,0.0,0.0,0.0,0.0,0.0,0.0,0.0,0.0,0.0,0.0,0.0,0.0,0.0,0.0,0.0,0.0,0.0,0.0,0.0,0.0,0.0,0.0,0.0,0.0,0.0,0.0,0.0,0.0,0.0,0.0,0.0,0.0,0.0,0.0,0.0,0.0,0.0,0,0,0.0,0,0,1.0,1.0,1.0,1.0,0.0,0,0,0,0,1,0,0,0,0,0,0,0,0,0,0,0,0,0,0,0,0.0,0.0,0.0,0.0,0.0,0.0,1.0,65610.0,0.0,0.0,0.0,-2922.0,0.0,0.0,1.0,0.0,0.0,0.0,0.0,0.0,0.0,0.0,0.0,0.0,0.0,0.0,0.0,0.0,0.0,0.0,0.0,0.0,0.0,0.0,0.0,0.0,0.0,0.0,0.0,1
Cash loans,M,Y,Y,0,157500.0,760225.5,30280.5,679500.0,Unaccompanied,Working,Secondary / secondary special,Married,House / apartment,0.035792,-17527,-2442,-3500.0,-983,20.0,1,1,0,1,0,0,0,2.0,2,2,THURSDAY,10,0,0,0,0,1,1,Business Entity Type 3,0.0,0.3573422337147276,0.6446794549585961,0.0,0.0,0.0,0.0,0.0,0.0,0.0,0.0,0.0,0.0,0.0,0.0,0.0,0.0,0.0,0.0,0.0,0.0,0.0,0.0,0.0,0.0,0.0,0.0,0.0,0.0,0.0,0.0,0.0,0.0,0.0,0.0,0.0,0.0,0.0,0.0,0.0,0.0,0.0,0.0,0.0,0.0,0,0,0.0,0,0,6.0,0.0,6.0,0.0,-371.0,0,1,0,0,0,0,0,0,0,0,0,0,0,0,0,0,0,0,0,0,0.0,0.0,1.0,0.0,0.0,0.0,3.0,319293.18,86526.0,0.0,0.0,-1643.0,0.0,1.0,2.0,0.27099232122652916,0.0,0.3333333333333333,2.0,87727.5,84354.75,8412.7725,3372.75,0.05445454545454545,11.0,-1402.0,2.0,0.0,1.0,21.0,-29.19047619047619,-5.0,0.0,0.0,0.0,0.0,188150.12999999998,188150.12999999998,1.0,0
Revolving loans,M,Y,N,0,225000.0,270000.0,13500.0,270000.0,Unaccompanied,Working,Secondary / secondary special,Civil marriage,House / apartment,0.01885,-17390,-924,-7211.0,-907,1.0,1,1,0,1,0,0,Drivers,2.0,2,2,WEDNESDAY,9,0,0,0,0,0,0,Transport: type 3,0.0,0.5970811533321667,0.0,0.0,0.0,0.0,0.0,0.0,0.0,0.0,0.0,0.0,0.0,0.0,0.0,0.0,0.0,0.0,0.0,0.0,0.0,0.0,0.0,0.0,0.0,0.0,0.0,0.0,0.0,0.0,0.0,0.0,0.0,0.0,0.0,0.0,0.0,0.0,0.0,0.0,0.0,0.0,0.0,0.0,0.0,0,0,0.0,0,0,0.0,0.0,0.0,0.0,-617.0,0,0,0,0,0,0,0,0,0,0,0,0,0,0,0,0,0,0,0,0,0.0,0.0,0.0,0.0,0.0,0.0,0.0,0.0,0.0,0.0,0.0,0.0,0.0,0.0,0.0,0.0,0.0,0.0,7.0,55739.57142857143,74234.57142857143,7652.5199999999995,3555.0,0.1629777563259168,21.0,-912.4285714285714,3.0,1.0,0.42857142857142855,21.0,-12.476190476190476,0.0,0.0,0.0,0.0,0.0,269519.94,269519.94,1.0,0
"Cash loans,F,N,Y,0,360000.0,733315.5,41076.0,679500.0,Unaccompanied,Pensioner,Secondary / secondary special,Separated,House / apartment,0.009175,-23032,365243,-9506.0,-793,0.0,1,0,0,1,0,0,0,1.0,2,2,THURSDAY,12,1,0,0,0,0,0,XNA,0.0,0.6605789818593445,0.3425288720742255,0.0454,0.0108,0.9742,0.0,0.0,0.0,0.1034,0.125,0.0,0.0292,0.0,0.036,0.0,0.0148,0.0462,0.0112,0.9742,0.0,0.0,0.0,0.1034,0.125,0.0,0.0299,0.0,0.0375,0.0,0.0157,0.0458,0.0108,0.9742,0.0,0.0,0.0,0.1034,0.125,0.0,0.0297,0.0,0.0367,0.0,0.0152,0,block of flats,0.0315,""Stone, brick"",No,4.0,0.0,4.0,0.0,0.0,0,1,0,0,0,0,0,0,0,0,0,0,0,0,0,0,0,0,0,0,0.0,0.0,0.0,0.0,0.0,3.0,10.0,2692174.5,185535.0,0.0,0.0,-719.0,4271.25,5.0,5.0,0.0689164093932247,0.0,0.5,12.0,653234.6962499999,689711.25,29329.507499999996,2.6775,8.078266827765239e-05,35.5,-691.1666666666666,2.0,10.0,0.16666666666666666,22.0,-12.363636363636363,5.0,0.045454545454545456,169.0486363636364,3719.0700000000006,0.09090909090909091,291539.16000000003,287820.09,0.9872433260766752,0"
Cash loans,M,Y,Y,2,202500.0,796396.5,38443.5,643500.0,Unaccompanied,Working,Higher education,Married,House / apartment,0.008019,-15909,-1094,-3134.0,-4180,65.0,1,1,0,1,0,1,Managers,4.0,2,2,FRIDAY,17,0,0,0,0,1,1,Industry: type 11,0.4476751393608083,0.495765140717496,0.8245949709919925,0.0,0.0,0.0,0.0,0.0,0.0,0.0,0.0,0.0,0.0,0.0,0.0,0.0,0.0,0.0,0.0,0.0,0.0,0.0,0.0,0.0,0.0,0.0,0.0,0.0,0.0,0.0,0.0,0.0,0.0,0.0,0.0,0.0,0.0,0.0,0.0,0.0,0.0,0.0,0.0,0.0,0.0,0,0,0.0,0,0,0.0,0.0,0.0,0.0,-1876.0,0,1,0,0,0,0,0,0,0,0,0,0,0,0,0,0,0,0,0,0,0.0,0.0,0.0,0.0,0.0,2.0,5.0,3163743.45,0.0,0.0,0.0,-1866.4,9909.7425,0.0,5.0,0.0,0.0,0.0,5.0,137855.7,189446.4,13491.197999999999,0.0,0.0,12.8,-1169.6,5.0,0.0,1.0,177.0,-6.5141242937853105,20.0,0.1016949152542373,397.26355932203387,70315.65,0.022598870056497175,1841241.7349999999,1770926.085,0.9618107450730797,0
Cash loans,F,Y,Y,0,202500.0,343377.0,22072.5,283500.0,Unaccompanied,State servant,Higher education,Single / not married,House / apartment,0.072508,-18138,-969,-7421.0,-1681,5.0,1,1,0,1,0,0,High skill tech staff,1.0,1,1,WEDNESDAY,13,0,0,0,0,0,0,Business Entity Type 1,0.0,0.7162122102538987,0.0,0.0,0.0,0.0,0.0,0.0,0.0,0.0,0.0,0.0,0.0,0.0,0.0,0.0,0.0,0.0,0.0,0.0,0.0,0.0,0.0,0.0,0.0,0.0,0.0,0.0,0.0,0.0,0.0,0.0,0.0,0.0,0.0,0.0,0.0,0.0,0.0,0.0,0.0,0.0,0.0,0.0,0.0,0,0,0.0,0,0,0.0,0.0,0.0,0.0,-1585.0,0,0,0,0,0,0,1,0,0,0,0,0,0,0,0,0,0,0,0,0,0.0,0.0,0.0,0.0,0.0,0.0,0.0,0.0,0.0,0.0,0.0,0.0,0.0,0.0,0.0,0.0,0.0,0.0,5.0,178243.2,188986.5,20562.06375,0.0,0.0,7.5,-831.0,4.0,0.0,0.8,69.0,-8.405797101449275,25.0,0.057971014492753624,-2648.7795652173913,-182765.79,0.0,1515853.71,1698619.5,1.1205695436138097,0
Cash loans,F,N,N,1,126000.0,327024.0,10264.5,270000.0,Unaccompanied,Working,Secondary / secondary special,Single / not married,House / apartment,0.02461,-14321,-192,-6913.0,-5942,0.0,1,1,0,1,1,0,Laborers,2.0,2,2,SUNDAY,13,0,0,0,0,0,0,Transport: type 4,0.4147940693543055,0.6611083077510267,0.4776491548517548,0.0041,0.0,0.9722,0.6192,0.0,0.0,0.0345,0.0,0.0417,0.0144,0.0034,0.0048,0.0,0.0,0.0042,0.0,0.9722,0.6341,0.0,0.0,0.0345,0.0,0.0417,0.0147,0.0037,0.005,0.0,0.0,0.0042,0.0,0.9722,0.6243,0.0,0.0,0.0345,0.0,0.0417,0.0146,0.0034,0.0049,0.0,0.0,reg oper account,block of flats,0.0083,Others,No,1.0,0.0,1.0,0.0,-2.0,0,1,0,0,0,0,0,0,0,0,0,0,0,0,1,0,0,0,0,0,0.0,0.0,0.0,6.0,0.0,0.0,5.0,1473232.5,694314.0,0.0,0.0,-697.8,0.0,2.0,3.0,0.47128610046275793,0.0,0.4,0.0,0.0,0.0,0.0,0.0,0.0,0.0,0.0,0.0,0.0,0.0,0.0,0.0,0.0,0.0,0.0,0.0,0.0,0.0,0.0,0.0,0
Cash loans,F,N,Y,0,72000.0,450000.0,16965.0,450000.0,Unaccompanied,Working,Secondary / secondary special,Married,House / apartment,0.009175,-21112,-1694,-6057.0,-4013,0.0,1,1,1,1,0,0,0,2.0,2,2,FRIDAY,12,0,0,0,0,0,0,School,0.0,0.7180575365896832,0.511891801533151,0.0,0.0,0.0,0.0,0.0,0.0,0.0,0.0,0.0,0.0,0.0,0.0,0.0,0.0,0.0,0.0,0.0,0.0,0.0,0.0,0.0,0.0,0.0,0.0,0.0,0.0,0.0,0.0,0.0,0.0,0.0,0.0,0.0,0.0,0.0,0.0,0.0,0.0,0.0,0.0,0.0,0.0,0,0,0.0,0,0,4.0,0.0,4.0,0.0,0.0,0,1,0,0,0,0,0,0,0,0,0,0,0,0,0,0,0,0,0,0,0.0,0.0,0.0,0.0,0.0,0.0,3.0,445834.35,12307.5,0.0,0.0,-1584.0,0.0,1.0,2.0,0.027605544525674167,0.0,0.3333333333333333,2.0,112792.5,115200.0,6852.172500000001,0.0,0.0,6.0,-203.0,2.0,0.0,1.0,18.0,-1.8888888888888888,26.0,0.3333333333333333,1568.0525000000002,28224.945000000003,0.6666666666666666,84675.96,56451.015,0.6666710953144198,0
Cash loans,F,N,Y,0,90000.0,547344.0,30690.0,472500.0,Unaccompanied,Working,Secondary / secondary special,Married,House / apartment,0.022625,-18556,-862,-6769.0,-2045,0.0,1,1,0,1,1,0,Waiters/barmen staff,2.0,2,2,WEDNESDAY,17,0,0,0,0,0,0,Business Entity Type 3,0.7631370618175837,0.6446273721560554,0.0,0.0,0.0,0.0,0.0,0.0,0.0,0.0,0.0,0.0,0.0,0.0,0.0,0.0,0.0,0.0,0.0,0.0,0.0,0.0,0.0,0.0,0.0,0.0,0.0,0.0,0.0,0.0,0.0,0.0,0.0,0.0,0.0,0.0,0.0,0.0,0.0,0.0,0.0,0.0,0.0,0.0,0.0,0,0,0.0,0,0,1.0,0.0,1.0,0.0,-2591.0,0,1,0,0,0,0,0,0,0,0,0,0,0,0,0,0,0,0,0,0,0.0,0.0,0.0,0.0,0.0,1.0,1.0,765000.0,0.0,0.0,0.0,-2283.0,0.0,0.0,1.0,0.0,0.0,0.0,1.0,29506.5,26554.5,2950.2,2952.0,0.1089589196833363,10.0,-2591.0,1.0,0.0,1.0,17.0,10.058823529411764,36.0,0.5294117647058824,1216.2705882352939,20676.599999999995,0.8823529411764706,50120.729999999996,29444.13,0.5874641091620174,0
Cash loans,F,N,Y,0,193500.0,225000.0,23755.5,225000.0,Unaccompanied,Working,Secondary / secondary special,Married,House / apartment,0.031329,-19810,-8862,-4493.0,-3043,0.0,1,1,1,1,1,0,Managers,2.0,2,2,TUESDAY,11,0,0,0,0,0,0,Government,0.765153942091246,0.2547599571469118,0.4118485559242397,0.0,0.0,0.0,0.0,0.0,0.0,0.0,0.0,0.0,0.0,0.0,0.0,0.0,0.0,0.0,0.0,0.0,0.0,0.0,0.0,0.0,0.0,0.0,0.0,0.0,0.0,0.0,0.0,0.0,0.0,0.0,0.0,0.0,0.0,0.0,0.0,0.0,0.0,0.0,0.0,0.0,0.0,0,0,0.0,0,0,0.0,0.0,0.0,0.0,-1733.0,0,1,0,0,0,0,0,0,0,0,0,0,0,0,0,0,0,0,0,0,0.0,0.0,0.0,0.0,2.0,4.0,6.0,1663635.42,18774.0,0.0,0.0,-993.8333333333334,0.0,1.0,5.0,0.011284924433744023,0.0,0.16666666666666666,14.0,107790.10714285714,104372.03571428571,20693.716071428575,10026.818181818182,0.10778840599432739,6.0,-971.2857142857143,12.0,2.0,0.8571428571428571,73.0,-7.383561643835616,12.0,0.136986301369863,3071.571780821918,224224.74,0.1643835616438356,1721471.625,1497246.885,0.8697482219609632,0
Cash loans,F,N,Y,3,171000.0,545040.0,31288.5,450000.0,Unaccompanied,Working,Secondary / secondary special,Married,House / apartment,0.006629,-12780,-1415,-5146.0,-870,0.0,1,1,1,1,1,0,Sales staff,5.0,2,2,WEDNESDAY,11,0,0,0,0,1,1,Business Entity Type 3,0.0,0.7566679797246073,0.6413682574954046,0.0,0.0,0.0,0.0,0.0,0.0,0.0,0.0,0.0,0.0,0.0,0.0,0.0,0.0,0.0,0.0,0.0,0.0,0.0,0.0,0.0,0.0,0.0,0.0,0.0,0.0,0.0,0.0,0.0,0.0,0.0,0.0,0.0,0.0,0.0,0.0,0.0,0.0,0.0,0.0,0.0,0.0,0,0,0.0,0,0,3.0,0.0,3.0,0.0,-546.0,0,1,0,0,0,0,0,0,0,0,0,0,0,0,0,0,0,0,0,0,0.0,0.0,0.0,0.0,0.0,0.0,3.0,648661.5,40878.0,0.0,0.0,-1913.0,0.0,2.0,1.0,0.06301900143603405,0.0,0.6666666666666666,1.0,125955.0,122895.0,25269.66,22500.0,0.1685377451394164,6.0,-546.0,1.0,0.0,1.0,6.0,-28.166666666666668,-26.0,0.0,0.0,0.0,0.0,151613.46,151613.46,1.0,0
Cash loans,M,Y,Y,3,135000.0,373140.0,25065.0,337500.0,Unaccompanied,Commercial associate,Secondary / secondary special,Married,House / apartment,0.035792,-10744,-741,-442.0,-2381,21.0,1,1,0,1,0,0,Laborers,5.0,2,2,WEDNESDAY,9,0,0,0,0,1,1,Housing,0.0,0.6405493008893001,0.3280631605201915,0.0,0.0,0.0,0.0,0.0,0.0,0.0,0.0,0.0,0.0,0.0,0.0,0.0,0.0,0.0,0.0,0.0,0.0,0.0,0.0,0.0,0.0,0.0,0.0,0.0,0.0,0.0,0.0,0.0,0.0,0.0,0.0,0.0,0.0,0.0,0.0,0.0,0.0,0.0,0.0,0.0,0.0,0,0,0.0,0,0,0.0,0.0,0.0,0.0,0.0,0,1,0,0,0,0,0,0,0,0,0,0,0,0,0,0,0,0,0,0,0.0,0.0,0.0,0.0,1.0,2.0,1.0,65511.0,52820.595,0.0,0.0,-86.0,0.0,1.0,0.0,0.8062858909190823,0.0,1.0,4.0,68442.75,76599.0,6903.8775,4540.5,0.028781894375922667,10.5,-200.5,4.0,0.0,1.0,8.0,-17.0,-8.0,0.0,0.0,0.0,0.0,98709.075,98709.075,1.0,0
"Cash loans,F,Y,N,1,112500.0,862560.0,27954.0,720000.0,Unaccompanied,Commercial associate,Secondary / secondary special,Married,With parents,0.0228,-10485,-1249,-4628.0,-3110,17.0,1,1,0,1,0,0,Sales staff,3.0,2,2,MONDAY,11,0,0,0,0,0,0,Business Entity Type 3,0.5633231337420023,0.608604105963283,0.228883416700673,0.2619,0.1186,0.9876,0.83,0.0,0.32,0.2759,0.3333,0.375,0.0856,0.0,0.2675,0.0,0.1749,0.2668,0.1231,0.9876,0.8367,0.0,0.3222,0.2759,0.3333,0.375,0.0876,0.0,0.2787,0.0,0.1852,0.2644,0.1186,0.9876,0.8323,0.0,0.32,0.2759,0.3333,0.375,0.0871,0.0,0.2723,0.0,0.1786,reg oper account,block of flats,0.2576,""Stone, brick"",No,1.0,0.0,1.0,0.0,-1234.0,0,1,0,0,0,0,0,0,0,0,0,0,0,0,0,0,0,0,0,0,0.0,0.0,0.0,0.0,0.0,0.0,12.0,2505821.715,104072.31,0.0,0.0,-859.4166666666666,0.0,3.0,9.0,0.04153220852745304,0.0,0.25,6.0,90984.6825,91563.75,10262.19,5589.6825,0.06397636549874948,11.0,-1482.3333333333333,5.0,1.0,0.8333333333333334,34.0,-16.0,6.0,0.11764705882352941,576.9833823529411,19617.434999999998,0.11764705882352941,521045.19,501427.755,0.9623498395599813,0"
Cash loans,M,Y,Y,0,315000.0,953460.0,64107.0,900000.0,Family,Commercial associate,Incomplete higher,Single / not married,With parents,0.030755,-10199,-2015,-4802.0,-1038,2.0,1,1,0,1,0,0,0,1.0,2,2,SUNDAY,13,0,0,0,0,1,1,Industry: type 4,0.0,0.4323402118056743,0.0774985464900651,0.0,0.0,0.0,0.0,0.0,0.0,0.0,0.0,0.0,0.0,0.0,0.0,0.0,0.0,0.0,0.0,0.0,0.0,0.0,0.0,0.0,0.0,0.0,0.0,0.0,0.0,0.0,0.0,0.0,0.0,0.0,0.0,0.0,0.0,0.0,0.0,0.0,0.0,0.0,0.0,0.0,0.0,0,0,0.0,0,0,0.0,0.0,0.0,0.0,-591.0,0,1,0,0,0,0,0,0,0,0,0,0,0,0,0,0,0,0,0,0,0.0,0.0,0.0,0.0,0.0,2.0,2.0,130500.0,85648.5,0.0,0.0,-288.0,0.0,2.0,0.0,0.6563103448275862,0.0,1.0,4.0,79239.375,115589.25,12261.802500000002,14161.5,0.1969766534908337,7.0,-883.5,4.0,0.0,1.0,20.0,-14.45,1.0,0.05,-3375.0,-67500.0,0.0,314663.49,382163.49,1.2145148774648118,1
Cash loans,M,Y,N,0,76500.0,135000.0,6696.0,135000.0,Unaccompanied,Working,Secondary / secondary special,Single / not married,House / apartment,0.028663,-15137,-7980,-9176.0,-4576,11.0,1,1,1,1,0,0,Low-skill Laborers,1.0,2,2,MONDAY,10,0,0,0,0,0,0,Agriculture,0.4757617930038634,0.5930185238421518,0.7898803468924867,0.0,0.0,0.0,0.0,0.0,0.0,0.0,0.0,0.0,0.0,0.0,0.0,0.0,0.0,0.0,0.0,0.0,0.0,0.0,0.0,0.0,0.0,0.0,0.0,0.0,0.0,0.0,0.0,0.0,0.0,0.0,0.0,0.0,0.0,0.0,0.0,0.0,0.0,0.0,0.0,0.0,0.0,0,0,0.0,0,0,0.0,0.0,0.0,0.0,-1981.0,0,1,0,0,0,0,0,0,0,0,0,0,0,0,0,0,0,0,0,0,0.0,0.0,0.0,0.0,0.0,2.0,3.0,610722.0,401368.5,0.0,0.0,-1178.0,1332.4950000000001,2.0,1.0,0.657203277432285,0.0,0.6666666666666666,4.0,52052.625,52120.125,5072.625,1350.0,0.0545545621518238,7.5,-1107.75,2.0,2.0,0.5,13.0,12.76923076923077,273.0,0.23076923076923078,380.8696153846155,4951.305000000001,0.15384615384615385,65166.57,60215.265,0.9240207824349203,0
Cash loans,F,N,Y,0,135000.0,284400.0,22599.0,225000.0,Unaccompanied,Commercial associate,Higher education,Single / not married,House / apartment,0.030755,-10734,-693,-7913.0,-1362,0.0,1,1,0,1,0,0,Laborers,1.0,2,2,MONDAY,14,0,0,0,1,1,0,Restaurant,0.3957242668511344,0.1549370735653434,0.2650494299443805,0.0,0.0,0.0,0.0,0.0,0.0,0.0,0.0,0.0,0.0,0.0,0.0,0.0,0.0,0.0,0.0,0.0,0.0,0.0,0.0,0.0,0.0,0.0,0.0,0.0,0.0,0.0,0.0,0.0,0.0,0.0,0.0,0.0,0.0,0.0,0.0,0.0,0.0,0.0,0.0,0.0,0.0,0,0,0.0,0,0,0.0,0.0,0.0,0.0,-227.0,0,1,0,0,0,0,0,0,0,0,0,0,0,0,0,0,0,0,0,0,0.0,0.0,0.0,0.0,0.0,2.0,4.0,233777.88,45634.5,0.0,0.0,-880.0,0.0,2.0,2.0,0.19520452491056894,0.0,0.5,2.0,62842.5,67101.75,5288.13,0.0,0.0,6.0,-227.0,2.0,0.0,1.0,10.0,-7.2,4.0,0.4,2497.878,24978.780000000002,0.6,83262.6,58283.82,0.7,0
"Cash loans,F,N,N,0,90000.0,315000.0,14683.5,315000.0,""Spouse, partner"",Working,Secondary / secondary special,Married,House / apartment,0.028663,-15371,-367,-3071.0,-4211,0.0,1,1,1,1,1,0,0,2.0,2,2,SUNDAY,11,0,0,0,0,1,1,Business Entity Type 3,0.0,0.3343001962973505,0.0,0.0247,0.0,0.9707,0.0,0.0,0.0,0.1034,0.0417,0.0,0.0671,0.0,0.0243,0.0,0.0,0.0252,0.0,0.9707,0.0,0.0,0.0,0.1034,0.0417,0.0,0.0686,0.0,0.0253,0.0,0.0,0.025,0.0,0.9707,0.0,0.0,0.0,0.1034,0.0417,0.0,0.0682,0.0,0.0248,0.0,0.0,0,block of flats,0.021,Block,No,0.0,0.0,0.0,0.0,-40.0,0,1,0,0,0,0,0,0,0,0,0,0,0,0,0,0,0,0,0,0,0.0,0.0,0.0,0.0,2.0,2.0,1.0,18513.0,0.0,0.0,0.0,-2899.0,0.0,0.0,1.0,0.0,0.0,0.0,4.0,40826.25,42097.5,6408.157499999999,0.0,0.0,3.0,-90.75,2.0,0.0,0.5,7.0,-9.285714285714286,0.0,0.0,0.0,0.0,0.0,40895.685,40895.685,1.0,0"
"Cash loans,F,N,Y,0,243000.0,900000.0,32017.5,900000.0,Unaccompanied,Working,Higher education,Married,House / apartment,0.010006,-14751,-6737,-3390.0,-4788,0.0,1,1,0,1,0,1,Core staff,2.0,2,1,THURSDAY,11,0,0,0,0,1,1,Kindergarten,0.6712718925800566,0.7002735745029195,0.0710551246687366,0.1474,0.4212,0.9975,0.966,0.0,0.12,0.1034,0.375,0.375,0.0135,0.1059,0.186,0.0656,0.1969,0.1502,0.4371,0.9975,0.9673,0.0,0.1208,0.1034,0.375,0.375,0.0138,0.1157,0.1937,0.0661,0.2084,0.1489,0.4212,0.9975,0.9665,0.0,0.12,0.1034,0.375,0.375,0.0138,0.1077,0.1893,0.066,0.201,reg oper spec account,block of flats,0.217,""Stone, brick"",No,2.0,0.0,2.0,0.0,-1083.0,0,1,0,0,0,0,0,0,0,0,0,0,0,0,0,0,0,0,0,0,0.0,0.0,0.0,0.0,0.0,0.0,17.0,7638393.6,2430413.8200000003,0.0,0.0,-1277.0588235294117,0.0,8.0,9.0,0.3181838940585623,0.0,0.47058823529411764,15.0,215211.75,266927.25,24465.836249999997,742.5,0.01614733612893997,17.666666666666668,-1009.0,5.0,7.0,0.3333333333333333,113.0,-6.946902654867257,28.0,0.1415929203539823,-117.48544247787586,-13275.854999999972,0.12389380530973451,2670933.555,2684209.4099999997,1.0049704924239493,0"
Cash loans,F,N,Y,0,90000.0,675000.0,26541.0,675000.0,Unaccompanied,Pensioner,Secondary / secondary special,Widow,House / apartment,0.026392,-22471,365243,-217.0,-4323,0.0,1,0,0,1,0,0,0,1.0,2,2,TUESDAY,15,0,0,0,0,0,0,XNA,0.0,0.6263029188866104,0.0,0.1361,0.0761,0.996,0.9456,0.0525,0.14,0.1207,0.375,0.0417,0.0814,0.1097,0.1539,0.0058,0.0168,0.0777,0.04,0.996,0.9477,0.0295,0.0806,0.069,0.375,0.0417,0.0501,0.0652,0.0788,0.0,0.0,0.1374,0.0761,0.996,0.9463,0.0529,0.14,0.1207,0.375,0.0417,0.0828,0.1116,0.1567,0.0058,0.0172,reg oper account,block of flats,0.2241,Panel,No,3.0,2.0,3.0,1.0,0.0,0,0,0,0,1,0,0,0,0,0,0,0,0,0,0,0,0,0,0,0,0.0,0.0,0.0,0.0,0.0,0.0,0.0,0.0,0.0,0.0,0.0,0.0,0.0,0.0,0.0,0.0,0.0,0.0,2.0,181172.7,169998.75,18952.11,18117.45,0.10552242196513989,10.0,-1427.5,2.0,0.0,1.0,20.0,-5.6,3.0,0.2,0.0,0.0,0.0,378937.44,378937.44,1.0,0
Revolving loans,F,N,Y,0,54000.0,180000.0,9000.0,180000.0,Unaccompanied,Working,Secondary / secondary special,Married,House / apartment,0.015221,-11142,-2419,-4987.0,-467,0.0,1,1,0,1,0,0,Medicine staff,2.0,2,2,SATURDAY,16,0,0,0,0,0,0,Medicine,0.0,0.5002642944981995,0.0774985464900651,0.0,0.0,0.0,0.0,0.0,0.0,0.0,0.0,0.0,0.0,0.0,0.0,0.0,0.0,0.0,0.0,0.0,0.0,0.0,0.0,0.0,0.0,0.0,0.0,0.0,0.0,0.0,0.0,0.0,0.0,0.0,0.0,0.0,0.0,0.0,0.0,0.0,0.0,0.0,0.0,0.0,0.0,0,0,0.0,0,0,0.0,0.0,0.0,0.0,-149.0,0,0,0,0,0,0,0,0,0,0,0,0,0,0,0,0,0,0,0,0,0.0,0.0,0.0,0.0,0.0,0.0,8.0,856227.69,354735.40499999997,0.0,0.0,-698.0,0.0,4.0,4.0,0.41430031887896546,0.0,0.5,1.0,34020.0,36715.5,7679.925,0.0,0.0,6.0,-149.0,1.0,0.0,1.0,4.0,-8.5,-6.0,0.0,0.0,0.0,0.0,30719.7,30719.7,1.0,0
Cash loans,F,N,N,0,135000.0,781920.0,28215.0,675000.0,Unaccompanied,Working,Higher education,Married,House / apartment,0.0196889999999999,-9650,-2953,-4329.0,-367,0.0,1,1,1,1,0,0,Core staff,2.0,2,2,FRIDAY,15,0,0,0,0,1,1,Government,0.2543516601822173,0.1699529509371729,0.1214082861631216,0.0,0.0,0.0,0.0,0.0,0.0,0.0,0.0,0.0,0.0,0.0,0.0,0.0,0.0,0.0,0.0,0.0,0.0,0.0,0.0,0.0,0.0,0.0,0.0,0.0,0.0,0.0,0.0,0.0,0.0,0.0,0.0,0.0,0.0,0.0,0.0,0.0,0.0,0.0,0.0,0.0,0.0,0,0,0.0,0,0,1.0,0.0,1.0,0.0,-17.0,0,1,0,0,0,0,0,0,0,0,0,0,0,0,0,0,0,0,0,0,0.0,0.0,0.0,0.0,0.0,0.0,2.0,368910.0,108837.0,166.5,55.0,-515.0,0.0,2.0,0.0,0.295023176384484,0.000451329592583557,1.0,3.0,0.0,0.0,0.0,0.0,0.0,0.0,-17.333333333333332,0.0,0.0,0.0,0.0,0.0,0.0,0.0,0.0,0.0,0.0,0.0,0.0,0.0,0
Cash loans,M,N,Y,0,126000.0,787131.0,26145.0,679500.0,Unaccompanied,Working,Secondary / secondary special,Married,With parents,0.018209,-16798,-669,-9388.0,-347,0.0,1,1,1,1,1,0,Low-skill Laborers,2.0,3,3,FRIDAY,7,0,0,0,0,0,0,Business Entity Type 2,0.0,0.5861504130199274,0.5814837058057234,0.0,0.1117,0.9781,0.0,0.0,0.0,0.2069,0.1667,0.0,0.0,0.0,0.0987,0.0,0.0,0.0,0.1159,0.9782,0.0,0.0,0.0,0.2069,0.1667,0.0,0.0,0.0,0.1028,0.0,0.0,0.0,0.1117,0.9781,0.0,0.0,0.0,0.2069,0.1667,0.0,0.0,0.0,0.1004,0.0,0.0,0,0,0.0776,Panel,No,5.0,2.0,5.0,2.0,-319.0,0,1,0,0,0,0,0,0,0,0,0,0,0,0,0,0,0,0,0,0,1.0,1.0,0.0,0.0,0.0,1.0,1.0,70571.115,0.0,0.0,0.0,-242.0,0.0,0.0,1.0,0.0,0.0,0.0,3.0,34705.485,37009.5,5035.665,616.485,0.03484617277592073,8.0,-1524.6666666666667,3.0,0.0,1.0,25.0,-5.72,30.0,0.24,451.05479999999994,11276.369999999999,0.24,138654.585,127378.215,0.9186729382227065,0
Cash loans,F,N,N,1,76500.0,808650.0,26217.0,675000.0,Unaccompanied,Commercial associate,Higher education,Married,With parents,0.0228,-10954,-2469,-550.0,-596,0.0,1,1,0,1,1,0,Core staff,3.0,2,2,TUESDAY,11,0,0,0,0,0,0,Other,0.4055643396822132,0.0472914244045298,0.4066174366275036,0.3887,0.2438,0.999,0.9864,0.1221,0.4264,0.1838,0.5833,0.625,0.1498,0.2564,0.3606,0.278,0.0267,0.2174,0.2108,0.999,0.9869,0.0678,0.2417,0.1034,0.5833,0.625,0.0965,0.1534,0.225,0.1556,0.0133,0.3872,0.2032,0.999,0.9866,0.1201,0.4,0.1724,0.5833,0.625,0.104,0.2608,0.3475,0.2601,0.0234,reg oper account,block of flats,0.2094,Panel,No,5.0,1.0,5.0,1.0,-663.0,0,1,0,0,0,0,0,0,0,0,0,0,0,0,0,0,0,0,0,0,0.0,0.0,0.0,0.0,0.0,0.0,3.0,630000.0,0.0,0.0,0.0,-369.0,0.0,3.0,0.0,0.0,0.0,1.0,4.0,1158750.0,1261359.0,49834.08,0.0,0.0,33.0,-890.5,2.0,2.0,0.5,13.0,-1.3846153846153846,23.0,0.07692307692307693,1278.8480769230773,16625.025000000005,0.15384615384615385,216202.95,199577.92500000002,0.9231045413580157,0
"Cash loans,F,N,N,0,103500.0,675000.0,19737.0,675000.0,Unaccompanied,Working,Secondary / secondary special,Widow,House / apartment,0.020246,-23719,-8466,-3917.0,-4036,0.0,1,1,1,1,0,0,Security staff,1.0,3,3,SATURDAY,16,0,0,0,0,0,0,Medicine,0.0,0.3993660764222056,0.6738300778602003,0.0567,0.0629,0.9732,0.6328,0.0484,0.0,0.1034,0.1667,0.2083,0.0314,0.042,0.0308,0.0193,0.0148,0.0578,0.0652,0.9732,0.6472,0.0488,0.0,0.1034,0.1667,0.2083,0.0322,0.0459,0.0321,0.0195,0.0156,0.0573,0.0629,0.9732,0.6377,0.0487,0.0,0.1034,0.1667,0.2083,0.032,0.0428,0.0313,0.0194,0.0151,reg oper account,block of flats,0.0396,""Stone, brick"",No,0.0,0.0,0.0,0.0,-1689.0,0,1,0,0,0,0,0,0,0,0,0,0,0,0,0,0,0,0,0,0,0.0,0.0,0.0,0.0,0.0,2.0,6.0,1223773.1099999999,527287.4550000001,0.0,0.0,-1618.8333333333333,0.0,3.0,3.0,0.43087027382061055,0.0,0.5,4.0,168971.625,190147.5,11173.55625,0.0,0.0,24.0,-1084.5,3.0,1.0,0.75,59.0,-10.525423728813559,0.0,0.0,0.0,0.0,0.0,720937.89,720937.89,1.0,0"
Cash loans,M,N,Y,0,225000.0,448272.0,28647.0,396000.0,Unaccompanied,Pensioner,Secondary / secondary special,Widow,House / apartment,0.072508,-24051,365243,-7040.0,-4053,0.0,1,0,0,1,1,1,0,1.0,1,1,WEDNESDAY,17,0,0,0,0,0,0,XNA,0.0,0.7103178570703124,0.5549467685334323,0.2959,0.1785,0.9786,0.7076,0.0,0.32,0.2759,0.3333,0.375,0.0,0.2412,0.2693,0.0,0.0061,0.3015,0.1853,0.9786,0.7190000000000001,0.0,0.3222,0.2759,0.3333,0.375,0.0,0.2635,0.2805,0.0,0.0064,0.2987,0.1785,0.9786,0.7115,0.0,0.32,0.2759,0.3333,0.375,0.0,0.2454,0.2741,0.0,0.0062,reg oper account,block of flats,0.2131,Panel,No,0.0,0.0,0.0,0.0,-1080.0,0,0,0,0,1,0,0,0,0,0,0,0,0,0,0,0,0,0,0,0,0.0,0.0,0.0,0.0,1.0,8.0,2.0,742500.0,0.0,0.0,0.0,-751.5,10612.485,0.0,2.0,0.0,0.0,0.0,13.0,123819.92307692308,138707.65384615384,13250.400000000001,913.5,0.03414447174447174,21.555555555555557,-557.1538461538462,7.0,2.0,0.5384615384615384,42.0,-15.166666666666666,3.0,0.07142857142857142,605.0807142857142,25413.389999999996,0.09523809523809523,919396.125,893982.735,0.972358606579944,0
Cash loans,F,N,N,0,126000.0,263686.5,26208.0,238500.0,Unaccompanied,Pensioner,Secondary / secondary special,Married,House / apartment,0.009549,-21613,365243,-2376.0,-2434,0.0,1,0,0,1,1,0,0,2.0,2,2,MONDAY,11,0,0,0,0,0,0,XNA,0.0,0.5713305828391398,0.5549467685334323,0.0,0.0,0.0,0.0,0.0,0.0,0.0,0.0,0.0,0.0,0.0,0.0,0.0,0.0,0.0,0.0,0.0,0.0,0.0,0.0,0.0,0.0,0.0,0.0,0.0,0.0,0.0,0.0,0.0,0.0,0.0,0.0,0.0,0.0,0.0,0.0,0.0,0.0,0.0,0.0,0.0,0.0,0,0,0.0,0,0,0.0,0.0,0.0,0.0,-1165.0,0,0,0,0,1,0,0,0,0,0,0,0,0,0,0,0,0,0,0,0,0.0,0.0,0.0,0.0,0.0,2.0,2.0,243499.5,8559.0,0.0,0.0,-928.0,0.0,1.0,1.0,0.03514996950712424,0.0,0.5,3.0,158996.81999999998,156969.0,14256.15,24299.730000000003,0.3106834756485391,14.0,-1074.3333333333333,2.0,1.0,0.6666666666666666,37.0,-14.378378378378379,5.0,0.16216216216216217,-826.8762162162166,-30594.420000000013,0.16216216216216217,685916.235,716510.655,1.0446037262844494,0
"Revolving loans,M,N,Y,2,135000.0,180000.0,9000.0,180000.0,Family,Working,Secondary / secondary special,Married,House / apartment,0.04622,-12900,-782,-2124.0,-3888,0.0,1,1,1,1,0,0,0,4.0,1,1,FRIDAY,21,0,0,0,0,1,1,Transport: type 4,0.0,0.7050933282515942,0.5744466170995097,0.0165,0.0309,0.9732,0.0,0.0,0.0,0.069,0.0417,0.0,0.0,0.0,0.0126,0.0,0.0,0.0168,0.0321,0.9732,0.0,0.0,0.0,0.069,0.0417,0.0,0.0,0.0,0.0131,0.0,0.0,0.0167,0.0309,0.9732,0.0,0.0,0.0,0.069,0.0417,0.0,0.0,0.0,0.0128,0.0,0.0,0,block of flats,0.0099,""Stone, brick"",No,1.0,1.0,1.0,1.0,-1091.0,0,0,0,0,0,0,0,0,0,0,0,0,0,0,0,0,0,0,0,0,0.0,0.0,0.0,0.0,0.0,0.0,5.0,1041750.0,685741.5,0.0,0.0,-637.4,0.0,1.0,4.0,0.6582591792656588,0.0,0.2,2.0,180002.25,170624.25,19936.125,9378.0,0.0544584652097189,15.0,-888.0,2.0,0.0,1.0,11.0,-19.272727272727273,-12.0,0.0,-2943.4868181818183,-32378.355,0.0,369776.07,402154.425,1.087562061547141,0"
Cash loans,M,N,Y,0,112500.0,52128.0,5341.5,45000.0,Unaccompanied,Pensioner,Secondary / secondary special,Married,House / apartment,0.02461,-21341,365243,-10150.0,-1403,0.0,1,0,0,1,1,0,0,2.0,2,2,FRIDAY,7,0,0,0,0,0,0,XNA,0.0,0.6870034445422084,0.0,0.0742,0.0,0.9861,0.8096,0.0,0.08,0.069,0.3333,0.0417,0.0435,0.0605,0.0736,0.0,0.0,0.0756,0.0,0.9861,0.8171,0.0,0.0806,0.069,0.3333,0.0417,0.0445,0.0661,0.0766,0.0,0.0,0.0749,0.0,0.9861,0.8121,0.0,0.08,0.069,0.3333,0.0417,0.0443,0.0616,0.0749,0.0,0.0,reg oper account,block of flats,0.0766,Panel,No,0.0,0.0,0.0,0.0,-2279.0,0,0,0,0,1,0,0,0,0,0,0,0,0,0,0,0,0,0,0,0,0.0,0.0,0.0,0.0,0.0,0.0,0.0,0.0,0.0,0.0,0.0,0.0,0.0,0.0,0.0,0.0,0.0,0.0,3.0,23940.0,219337.5,13717.230000000001,2682.0,0.0999997198918782,6.0,-1266.3333333333333,3.0,0.0,1.0,24.0,-1.6666666666666667,34.0,0.2916666666666667,-260.00999999999993,-6240.239999999998,0.5,109495.44,115735.68000000001,1.0569908664689598,0
Revolving loans,F,Y,Y,1,85500.0,135000.0,6750.0,135000.0,Unaccompanied,Working,Higher education,Married,House / apartment,0.018029,-9415,-225,-4066.0,-2104,5.0,1,1,0,0,0,0,0,3.0,3,2,MONDAY,8,0,0,0,0,0,0,Business Entity Type 1,0.4795441447548665,0.6102072901939566,0.0,0.0,0.0,0.0,0.0,0.0,0.0,0.0,0.0,0.0,0.0,0.0,0.0,0.0,0.0,0.0,0.0,0.0,0.0,0.0,0.0,0.0,0.0,0.0,0.0,0.0,0.0,0.0,0.0,0.0,0.0,0.0,0.0,0.0,0.0,0.0,0.0,0.0,0.0,0.0,0.0,0.0,0.0,0,0,0.0,0,0,0.0,0.0,0.0,0.0,0.0,0,1,0,0,0,0,0,0,0,0,0,1,0,0,0,0,0,0,0,0,1.0,0.0,0.0,0.0,0.0,0.0,1.0,10327500.0,10048887.0,0.0,0.0,-914.0,0.0,1.0,0.0,0.9730222222222222,0.0,1.0,0.0,0.0,0.0,0.0,0.0,0.0,0.0,0.0,0.0,0.0,0.0,0.0,0.0,0.0,0.0,0.0,0.0,0.0,0.0,0.0,0.0,0
